b499-proof	0	0
scope-start	0	0
native-build	0	2
native-binary	0	0
sim-configure	0	1
sim-build	0	32
lus-sha	0	0
corpus	0	52
corpus-compare	0	0
board-final-1	0	47
board-final-2	0	47
compare-gateway	0	0
compare-heltec_mobile	0	0
board-attribution	0	0
abi	0	19
abi-supplemental	0	18
warning-census	0	163
firmware-ui	0	480
board-ui	0	25
union-census	0	0
union	0	5975
union-verify	0	0
discovery	0	897
inventory	0	2
inbox-verbs	0	929
transcript-full_headless-1	0	24
transcript-full_headless-2	0	24
transcript-compare-full_headless	0	3
transcript-mobile-1	0	23
transcript-mobile-2	0	24
transcript-compare-mobile	0	2
reader-audit	0	85
scope-end	0	0
stability	0	0
DONE
