file	item	kind	disposition
tools/probe_firmware_ui/probe_main.cpp	confirm_review(t) helper	new fixture helper	a real `short` (BACK->SEND) + a real `double` (SEND) through the real mr_ui_tick; the ONE way every landed one-double send now confirms (brief §2.8: never a lowered count)
tools/probe_firmware_ui/probe_main.cpp	P9a W6: the phrase double opened its review and submitted NOTHING	added check (D5)	must-fail: W6-D1, W6-D2 (+12 collateral); then confirm_review; the landed P9a/P9b asserts unchanged
tools/probe_firmware_ui/probe_main.cpp	P9c (the new post is QUEUED ...)	direct-double->review	double_press -> confirm_review(double_press); asserts unchanged
tools/probe_firmware_ui/probe_main.cpp	P9d (the DM ... QUEUED/SENT/closes)	direct-double->review	double_press -> confirm_review(double_press); asserts unchanged; P9d's close check re-reddened by W6-D2 (it lost C94/C107/W4b-N1's collateral reach, see control-reach rows)
tools/probe_firmware_ui/probe_main.cpp	P14d W6: the phrase REVIEW keeps SEND selected	added check (D5)	must-fail: W6-D2 (+17 collateral); then confirm_review; `...the send RESULT keeps SEND selected` unchanged
tools/probe_firmware_ui/probe_main.cpp	P24k7 precondition (W6): the compiled `dm3` is cleared for K7's landed layout	added fixture check (D9)	K7's rows are pinned to the two-phrase list it landed on; dm3 is cleared through the REAL verb and restored at the phase end. No control: a harness-setup guard (a failed verb is a probe FAIL); the verb is natively mutated (uipresetverbs)
tools/probe_firmware_ui/probe_main.cpp	P24k7 (W6): the compiled `dm3` is restored for the phases that follow	added fixture check (D9)	restore through `preset reset dm3` + dm count == 3; setup guard as above
tools/probe_firmware_ui/probe_main.cpp	P26a ...`list` still answers 17 records -> page 1 (4 records + the end record) during the alarm	renamed + re-expressed (D14)	lines 17+1 -> kPresetPageSize+1 AND the end record carries "page":1,"pages":5; busy/zero-write asserts unchanged. Unreddened at base and now (the busy gate's controls C134-C136 redden the mutation arm)
tools/probe_firmware_ui/probe_main.cpp	P26b the four -> five /mrui states (+ old_v1), and `...on every one of the four -> five`	renamed + extended (D8)	table + {old_v1, kPresetOldV1Line}; silent/no-writes/usable asserts unchanged and now also over old_v1. Unreddened at base and now (boot restore is natively mutated: W6-P1/P3, uipresets)
tools/probe_firmware_ui/probe_main.cpp	P27a the shipped catalog starts on the compiled defaults (2 -> 3 DM presets)	renamed + D9 fixture	count 2 -> 3; the gap example also clears dm3 to reach the same dm1/dm4/dm8 list. Unreddened at base and now (verb setup)
tools/probe_firmware_ui/probe_main.cpp	P27c W6: the phrase's review is open, BACK selected, nothing submitted	added check (D5)	the race is armed on the review's SEND double now (the press that executes); must-fail: W6-D2 (+16 collateral)
tools/probe_firmware_ui/probe_main.cpp	P27c W6: ...and SEND is selected before the interleaved write	added check (D5)	must-fail: W6-D2 (+16 collateral); the landed P27c race asserts (PRESET CHANGED, zero submissions) unchanged and still RED under C141/U14-class controls
tools/probe_firmware_ui/probe_main.cpp	P27c W6: the capture-time write really ran inside that tick	added instrument check	proves the capture-race fixture fired (g_preset_race consumed); no control by design — an instrument precondition
tools/probe_firmware_ui/probe_main.cpp	P27c W6: ★★★ a catalog move before the capture opens NO review — the list says PRESET CHANGED	added check (§7.4.1 capture race)	must-fail: C136/C137 and 12 collateral; natively: uisend W6-S07 (capture skips the gate), model W6-M23
tools/probe_firmware_ui/probe_main.cpp	P27c W6: ⛔ ...and submits NOTHING	added check (defence in depth)	unreddened: under W6-D1 the capture refuses AND the executor's gate refuses on the same moved generation, so nothing is submitted — two independent refusals; each is natively mutated (W6-S07 capture, U14 the gate's generation check)
tools/probe_firmware_ui/probe_main.cpp	P27c W6: the note's press clears it and sends nothing	added check (§7.4.1)	must-fail: C136/C137/C138/C139 + collateral; natively W6-M22 (the note's press acts)
tools/probe_firmware_ui/probe_main.cpp	P27f `preset reset all` restores ... 2/2 -> 3/4	D9 fixture	counts only; reset-all semantics unchanged
tools/probe_firmware_ui/probe_main.cpp	P28c Peer table + `P28c W6: the REVIEW names the <named|NAMELESS|keyless|UNKNOWN-hash> teammate exactly` (4 labels)	added checks (§7.3 row 0) + direct-double->review	TO H1 <hash> / TO 410007 <hash> / TO T93 UNVERIFIED / TO EE41EE <hash>, g_exec.calls == 0; must-fail: W6-D1 and W6-D2 each (+14..19 collateral); then confirm_review; the DELIVERED checks unchanged
tools/probe_firmware_ui/probe_main.cpp	P29b precondition + reset counts	D9 fixture	also clears dm3/channel3/channel4 so each list is the two phrases + exit it always read; reset counts 2/2 -> 3/4; P29a's 241-byte Inbox pages untouched (two rows, byte-identical)
tools/probe_firmware_ui/probe_main.cpp	P30b (DELIVERED rows)	direct-double->review	double_press -> confirm_review(double_press); asserts unchanged
tools/probe_firmware_ui/probe_main.cpp	P31 precondition: the compiled catalog is live (3 DM, 4 channel phrases)	new phase P31 (§2.8)	precondition, no control
tools/probe_firmware_ui/probe_main.cpp	P31a the D9 18-byte phrase is drawn ABBREVIATED — 16 bytes and the generated 0xBB	new (§2.3/§2.8 »)	must-fail: C136/C137/C139 + 19 collateral; natively W6-M20/W6-M21
tools/probe_firmware_ui/probe_main.cpp	P31a ⛔ ...and the marker reaches the canvas RAW — no sanitizer turned it into a dot	new (negative space)	unreddened: firmware_ui.cpp has NO sanitizer on the compose-row path to mutate (the row is the model's, drawn by body_text); the marker's value is natively mutated (W6-M21 dot marker)
tools/probe_firmware_ui/probe_main.cpp	P31b precondition: the arrow is on the abbreviated phrase	new	precondition (22 collateral controls redden it)
tools/probe_firmware_ui/probe_main.cpp	P31b the review's row 0 names the team with its FULL id	new (§7.3)	must-fail: W6-D2 (+18)
tools/probe_firmware_ui/probe_main.cpp	P31b ...its body is the WHOLE phrase, all 18 bytes	new (full-text capture)	must-fail: W6-D2 (+19); natively W6-M18/W6-S08
tools/probe_firmware_ui/probe_main.cpp	P31b ...BACK is selected first and there is NO `LOC`	new (BACK preselected)	must-fail: W6-D2 (+18); natively W6-M01, W6-S09
tools/probe_firmware_ui/probe_main.cpp	P31b ⛔ ...and opening it submitted NOTHING	new (D5)	must-fail: W6-D1
tools/probe_firmware_ui/probe_main.cpp	P31b BACK returns to the list with the arrow on that phrase, nothing submitted	new	must-fail: W6-D1 (+22)
tools/probe_firmware_ui/probe_main.cpp	P31c precondition: the REAL verb stores a 163-byte located phrase	new	precondition (C136)
tools/probe_firmware_ui/probe_main.cpp	P31c the oracle's layout is within the design's bound (≤ 6 pages)	new (oracle self-check)	the probe's INDEPENDENT §7.2 oracle checks itself; no control by design
tools/probe_firmware_ui/probe_main.cpp	P31c the list row abbreviates it: `L`, 16 bytes and the marker	new	must-fail: C136/C137/C139 (+16)
tools/probe_firmware_ui/probe_main.cpp	P31c page 1: its action row is ` SEND >BACK LOC 1/n` — `LOC` at 12-14	new (LOC, action row)	must-fail: W6-D2 (+16); natively W6-S09 and the w6-rows case's harness entries
tools/probe_firmware_ui/probe_main.cpp	P31c page 1: the three wrapped rows, exact	new (§7.2 wrap on glass)	must-fail: W6-D2 (+15); natively W6-M24/M25/M26
tools/probe_firmware_ui/probe_main.cpp	P31c page 2 turns on the cadence alone, its rows exact	new (no-send paging)	must-fail: W6-D2 (+16); natively W6-M04/M05 and S05/S07
tools/probe_firmware_ui/probe_main.cpp	P31c ⛔ ...and neither the review nor a page turn submitted anything	new (D5)	must-fail: W6-D1
tools/probe_firmware_ui/probe_main.cpp	P31d the mid-frame write is accepted by the REAL verb	new	precondition (C136)
tools/probe_firmware_ui/probe_main.cpp	P31d every page of that frame drew the SAME review row — nothing read the live catalog mid-frame	new (frozen frames)	must-fail: C4/C10/C11/C118/C120/C5/C73/C81 (the frame-freeze controls)
tools/probe_firmware_ui/probe_main.cpp	P31d ...and the NEXT frame is the re-read list with PRESET CHANGED over item 1	new (§7.4.1)	must-fail: C136/C137 (+12)
tools/probe_firmware_ui/probe_main.cpp	P31d ⛔ ...submitting nothing	new	must-fail: W6-D1
tools/probe_firmware_ui/probe_main.cpp	P31e ★★★ the review's SEND issues the WHOLE 163-byte phrase, `-l`	new (exact composed 163-byte line through the one static line)	must-fail: W6-D1, W6-D2 (+12); natively W6-S10 (96-B line) and w6-line
tools/probe_firmware_ui/probe_main.cpp	P31f `preset reset all` restores the compiled catalog	new	setup guard (C136)
tools/probe_firmware_ui/run.sh	W6-L0 the source declares the line ONCE in firmware_ui.cpp; firmware_ui_send.h declares no line array	new runner check (§2.8 single owned instance)	source predicate; the L1 falsifiers below cover the image
tools/probe_firmware_ui/run.sh	W6-L1 the linked probe holds exactly ONE writable 199-B data object, and it is s_send_line	new runner check (§2.8, D15)	nm of the LINKED probe; exit 0/1/2/3 = ok/property/nm-failed/vacuous
tools/probe_firmware_ui/run.sh	W6-L1a/L1b/L1c falsifiers (stack local; 96 B; a second used 199-B line)	new real-mutant falsifiers	each built through build_variant and REJECTED with exit 1 (the property); a non-building mutant or an instrument exit is a FAIL. Not `ctl` (the probe binary cannot see the property)
tools/probe_firmware_ui/run.sh	W6-D1 the device's capture EXECUTES the reviewed phrase	new ctl (review device half)	must-fail RED 19 (P9a W6, P31b x2/c/d/e, P28c W6 x4 + DELIVERED x4, P27c x2, P9e, P30b x2); `once`-guarded
tools/probe_firmware_ui/run.sh	W6-D2 the tick never serves the review's capture	new ctl (review device half)	must-fail RED 105 (every confirm_review flow, incl. P9d); `once`-guarded
tools/probe_inbox_verbs/run.sh + probe_main.cpp	the OLED router arm (MR_PROBE_ARM=oled, -DMR_FEAT_OLED=1), W6-O1..O14b + O7e = 27 checks	new arm (§2.8)	the first executed `ui preset` path through the command TU; accept/client arms unchanged (pins 1400/483, 71 controls)
tools/probe_inbox_verbs/probe_main.cpp	W6-O1 absent boots silent / O2 bare list = page 1 / O3,O3b,O3c pages exact, each slot once, no writes / O4 BLE page 3 / O5 bad_page / O6 usage	new checks	must-fail: O2/O3/O3b/O4 -> W6-C2; O1/O3c/O5/O6 are negative-space rows (natively W6-V1, W6-P5, U-series)
tools/probe_inbox_verbs/probe_main.cpp	W6-O7 163-byte set reply / O7b ★ NV holds the exact 2852-B blob / O7c fresh reload / O7e restart rule / O7d real boot restore reloads the medium	new checks (W6R-1 persistence, D14 restart rule)	must-fail: O7 -> W6-C1; O7b/O7c/O7e -> W6-C3 (success line without the write); O7e -> W6-C2
tools/probe_inbox_verbs/probe_main.cpp	W6-O8 refusals / O9 busy + list during alarm / O10 failed save / O11 reset all	new checks	must-fail: O9 -> W6-C1/C2/C6; O10/O11 -> W6-C3; O8 natively W6-P6 and U25
tools/probe_inbox_verbs/probe_main.cpp	W6-O12/b/c/d old v1: its line every boot, zero writes, defaults, first change replaces, next boot silent	new checks (D8)	must-fail: O12 -> W6-C5; O12b -> W6-C2; O12c/d -> W6-C3; natively W6-N1..N4, W6-P1..P3
tools/probe_inbox_verbs/probe_main.cpp	W6-O13/b/c/d the stage proof: every maximum page fits a non-draining 2048-B stage; a draining host receives all; page 4 = 1097 B; reset all 1517 B at a ten-digit generation and across the wrap	new checks (§2.8 stage proof)	must-fail: O13 -> W6-C2 (unpaged 17 records drop lines: the instrument sees overflow); O13b -> W6-C1 (160-B line) and W6-C2
tools/probe_inbox_verbs/probe_main.cpp	W6-O14 / O14b the fake's regressions: a record of exactly 2852 B stored and read back; one more byte = short write, nothing stored	new checks (B477)	must-fail: O14b -> W6-C4 (the pre-W6 dishonest fake restored)
tools/probe_inbox_verbs/run.sh	W6-C1..W6-C6 + the [[B237]] control-of-the-controls (PIN_CONTROLS_OLED=7)	new controls	all 7 verified RED / 0 unusable (C1 160-B line; C2 unpaged list; C3 store binding lies; C4 dishonest fake; C5 v1 recognition removed; C6 busy gate not asked)
tools/probe_inbox_verbs/fakes/Preferences.h	slot capacity 2304 -> 2852 (= sizeof(mrnv::UiPresetBlob), asserted at compile time); putBytes returns the stored length only when stored	B477 fence (capacity + truthful retention only)	regressions W6-O14/O14b + control W6-C4; the accept/client arms' deliberate retain_on_fail/drop_on_ok controls unchanged and still RED (71/71)
tools/probe_board_abi.py	18 PIN_TABLE rows (UiPresetSlot/UiPresetBlob x3, PresetCatalog x3, SendReq x3, UiState x3, UiModel x3)	D15 re-pin	sizes only, no alignof/T moves; stock 290 checks 9/9 controls RED; the [[B255]] T notes kept
docs/superpowers/evidence/.../abi-supplemental.json	mrui::SendLive 12/4, mrui::ReviewPhase 1/1 (T on heltec_mobile only)	new supplemental measurement	--extra-pins: 308 checks, 9/9 controls RED
tools/probe_firmware_ui/run.sh (unchanged ctl)	C29 the SETTINGS screen is never drawn	control reach 81 -> 79	source unchanged; still RED. Lost only two COLLATERAL P18b rows (`a short walks to row 1 ...`, `...the last row is the shared MENU row`), which other controls still redden at W6; every settings-screen target check still RED (label replay, ctlrepro b-/w-C29.txt)
tools/probe_firmware_ui/run.sh (unchanged ctl)	C30 the model is never given the config service	control reach 86 -> 84	as C29: the same two collateral P18b rows, still reddened elsewhere
tools/probe_firmware_ui/run.sh (unchanged ctl)	C90 the closed view draws the MENU's rows anyway	control reach 80 -> 78	as C29
tools/probe_firmware_ui/run.sh (unchanged ctl)	C92 the entry row's label is re-spelled at the draw site	control reach 79 -> 77	as C29
tools/probe_firmware_ui/run.sh (unchanged ctl)	K3 the failed-save door renders the SUCCESS verdict (v3)	control reach 239 -> 236	collateral only: −6 (P24k7a, P27c repaint, P27d x3, P27e empty note) +3 (P23f, P27c W6 x2), because W6's review changes the path the mutant's divergence travels; its target (the RECEIVED/failed-save verdict rows) unchanged and RED
tools/probe_firmware_ui/run.sh (unchanged ctl)	R1 the act sub-view's LENGTH comes from the canned table (v3, §B66)	control reach 5 -> 2	collateral only: −3 P27c/P27d rows (a dm1/dm4/dm8 list diverging under the mutant), still reddened by other controls; its TARGET P24k7b (`GRANT KEY is a row ... between the texts and the way out`) and P27c's selection-phase row remain RED
tools/probe_firmware_ui/run.sh (unchanged ctl)	C134 an ARMED alarm is not treated as busy	individual audit	RED 1 at base, RED 1 at W6; anchor unchanged
tools/probe_firmware_ui/run.sh (unchanged ctl)	C135 a FIRING alarm is not treated as busy	individual audit	RED 5 -> 5
tools/probe_firmware_ui/run.sh (unchanged ctl)	C136 an IDLE node answers busy	individual audit	RED 32 -> 49 (more W6 rows depend on the verbs); lost the two collateral rows P27d CLOSED / P27e SENDS NOTHING (below)
tools/probe_firmware_ui/run.sh (unchanged ctl)	C137 the catalog is never published into the frame	individual audit	RED 46 -> 68; lost collateral P14d result-rail + P14g x5 + P27d CLOSED, all P14g rows still reddened by the settings controls
tools/probe_firmware_ui/run.sh (unchanged ctl)	C138 the DM compose renders the CHANNEL list	individual audit	RED 12 -> 13
tools/probe_firmware_ui/run.sh (unchanged ctl)	C139 the row is composed here as %c%s	individual audit	RED 15 -> 20 (P31's » rows join)
tools/probe_firmware_ui/run.sh (unchanged ctl)	C140 the zero-enabled empty state is bypassed	individual audit	RED 1 -> 1
tools/probe_firmware_ui/run.sh (unchanged ctl)	C141 the stale-generation refusal renders the generic failure lines	individual audit	RED 1 -> 1 (P27c's race now armed on the review's SEND; the refusal still renders PRESET CHANGED)
tools/probe_firmware_ui/probe_main.cpp (unchanged check)	P27d ★★★ the open SELECTION-PHASE compose is CLOSED by the successful change	coverage: collateral-only reach lost	at base reddened only COLLATERALLY (C136 verbs dead, C137 catalog unpublished); at W6 those mutants diverge through the review so the negative-space check passes. No firmware_ui.cpp site owns the rule (model `preset_generation_moved` -> close_compose); natively: test ui10-p3-modal + model Y06. The check itself is unchanged and PASSES. Candidate register note: the close line has no dedicated model mutation (pre-existing)
tools/probe_firmware_ui/probe_main.cpp (unchanged check)	P27e ⛔ ...and the only press it offers SENDS NOTHING	coverage: collateral-only reach lost	at base only C136 (a list left populated, so one double sent). At W6 one double can NEVER send (D5: it opens a review), so the collateral path is closed by design; the empty state's own rule is Y07 (natively) and the one-double send is W6-M02
tools/probe_firmware_ui/probe_main.cpp (unchanged check)	P9d acknowledging the result closes the sub-view	coverage: reach restored	lost C94/C107/W4b-N1's collateral reach; re-reddened by the new W6-D2
