file	test	kind	disposition
test_firmware_ui_model.cpp	ui-model: sub-view: `back` leaves without sending	fixture-navigation	D9 adds dm3: back row index 2->3 (one more short); property (back sends nothing) unchanged
test_firmware_ui_model.cpp	ui-model: sub-view: double on a message emits a DM request for the bound peer	direct-double->review	D5: added CHECK the double queues nothing + review_confirm; later asserts (kind/peer/slot/result/submitting) unchanged
test_firmware_ui_model.cpp	ui-model: SEND double opens the channel compose list and index 1 sends the second canned text	direct-double->review	D5: added CHECK double queues nothing + review_confirm; request/result asserts unchanged
test_firmware_ui_model.cpp	ui-model: the channel list's last row is `back` — MENU since W4b — and sends nothing	fixture-navigation	D9 adds channel3/4: exit row index 2->4 (CHECK cursor==2 -> ==4); sends-nothing + MENU mode asserts unchanged
test_firmware_ui_model.cpp	ui-model: the compose cursor wraps within the list, so `back` is always reachable	fixture-navigation	D9 adds dm3: back index 2->3 (CHECK cursor==2 -> ==3); wrap-to-0 assert unchanged
test_firmware_ui_model.cpp	ui-model: the bound peer survives a roster REORDER under the open modal	fixture+new-assert	churn 77/88/99 removed the peer (W6: removal = refusal §7.4.1); property kept with a true reorder (11/12/10, CHECK peer==11 not 12); removal branch now asserts TEAMMATE GONE + nothing queued
test_firmware_ui_model.cpp	ui-model: B64 — a roster REORDER follows the TEAMMATE, so the send goes where the user pointed	direct-double->review	D5: review_confirm after the phrase double; peer==12 assert unchanged
test_firmware_ui_model.cpp	ui-model: B64 — the roster resync must NOT touch an open compose modal's cursor	direct-double->review + comment	D5: review_confirm; comment corrected (D9: row 2 is dm3, so the unguarded resync mis-sends and the slot assert catches it)
test_firmware_ui_model.cpp	ui-model: B64 — after a refusal the user re-picks by walking, and the next send targets that teammate	direct-double->review	D5: review_confirm; peer==13 assert unchanged
test_firmware_ui_model.cpp	ui-model: a send request is drained exactly once	direct-double->review	D5: review_confirm; both drain asserts unchanged
test_firmware_ui_model.cpp	ui-model: a queued alarm drains BEFORE a queued DM and neither is lost	direct-double->review	D5: review_confirm before long_arm/long_fire; order + survival asserts unchanged (also covers 'pending phrase coexists with an alarm')
test_firmware_ui_model.cpp	ui-model: draining a DM request enters SUBMITTING, and only a DM does	direct-double->review	D5: review_confirm; state asserts unchanged
test_firmware_ui_model.cpp	ui7-chan: a refused canned post is TERMINAL, not a permanent SENDING...	direct-double->review	D5: review_confirm; refusal asserts unchanged
test_firmware_ui_model.cpp	dm_sent() fixture (ui7-result x5: RESULT phase / NEITHER gesture / either press / RIDES the blank / B101 close-out)	direct-double->review (shared fixture)	D5: review_confirm inside dm_sent(); all five cases' assertions unchanged
test_firmware_ui_model.cpp	ui-model: the model's declared bounds are the ones the spec fixed	defaults 5->8 (D9)	compose_row_count dm 3->4, ch 3->5; capacity (kPresetPerKind 8) unchanged
test_firmware_ui_model.cpp	ui10-p3-slot: the PRESS seals the row's stable slot — a gapped list sends dm4, never dm2	direct-double->review + new assert	D5: added CHECK the review binding is dm4 at the press; review_confirm(cat); slot/generation asserts unchanged
test_firmware_ui_model.cpp	ui10-p3-modal: a NO-OP and a FAILURE leave the compose open — the trigger is the generation, not the verb	direct-double->review	D5: review_confirm(cat) in arm (c); slot assert unchanged
test_firmware_ui_model.cpp	ui10-p3-modal: an ALREADY-DISPLAYED OUTCOME may finish — a mutation does not discard a verdict	direct-double->review	D5: review_confirm(cat); verdict-survives asserts unchanged
test_firmware_ui_model.cpp	ui16-reqpubkey-resources: N5 adds no frame/state carrier and preserves the packed invite layout	D15 size re-pin	UiState 520->568, UiModel 944->1016 (host); the N5 no-carrier claim is unaffected (W6 adds its own)
test_firmware_ui_model.cpp	ui16-k7-resources: the act's TWO frozen fields cost ONE quantum, and the published identity costs ZERO	D15 size re-pin	UiState 520->568, UiModel 944->1016 (host)
test_firmware_ui_model.cpp	ui16-k5-resources: the offer's TWO fields cost ZERO bytes — both land in EXISTING padding	D15 size+offset re-pin	UiState/UiModel as above; nearby_sel_id 344->368, saved_key_team 348->372 (+24: union 60 B over detail_line 40 B); adjacency claim unchanged
test_firmware_ui_model.cpp	ui16-k6-resources: the retention carriers cost exactly themselves, and NO landed field moved	D15 size+offset re-pin	saved_key_team/forget_team/saved_keys/invite 348/352/356/392 -> 372/376/380/416 (+24); contiguity arithmetic re-closed in comment; sizes as above
test_firmware_ui_model.cpp	ui10-p3-resources: the list projection costs 328 B of UiSnapshot and ZERO of UiState	D15 size re-pin	UiState/UiModel as above; SendReq 8->16; ComposeSlot 20 / ComposeList 161 / UiSnapshot 1368 unchanged
test_firmware_ui_model.cpp	w4b-resources: the owner-ruled shape — HomeCapture 9, UiState 520->568, UiSnapshot 1368, UiModel 944->1016	D15 size re-pin (title too)	UiState 568, UiModel 1016; HomeCapture/UiSnapshot pins unchanged
test_firmware_ui_model.cpp	ui16-k7-act: pin 1 — the act hangs on an entered-TEAM member row and opens the chain with the ROW'S hash	defaults 5->8 (D9)	preset_dm.n 2->3; the n-relative grant/back asserts unchanged
test_firmware_ui_model.cpp	ui10-p3-r1: with the COMPILED catalog the DM list is index-for-index the one K7 landed against	defaults 5->8 (D9)	n 2->3; K7 rows 0/1 unchanged; added row[2]==Where are you?; grant/back kinds move 2->3, 3->4; count 2+g+1 -> 3+g+1
test_firmware_ui_model.cpp	w4b-menu: the MENU row of every top-level list lands in MENU MODE on the HOME slot; double enters item 1	fixture-navigation (D9)	case 2: Send list MENU index 2->4 (4 shorts); all MENU-mode/no-send/no-save asserts unchanged
test_firmware_ui_model.cpp	w4b-wrap: list focus WRAPS on every top-level list — Settings included — and never leaves the screen	fixture-navigation (D9)	Send list wrap needs 5 shorts (4 phrases + MENU), was 3; wrap-to-0 asserts unchanged
test_firmware_ui_model.cpp	w4b-send: acknowledging a result — either press — returns to the Send LIST on item 1, sending nothing more	direct-double->review	D5: review_confirm; ack/return asserts unchanged
test_firmware_ui_model.cpp	w4b-send: a catalog change under the open list RE-READS it, arrow to item 1, PRESET CHANGED until a press	direct-double->review	D5: final send via review_confirm(moved); slot/generation asserts unchanged; the note-clearing double still sends nothing
test_firmware_ui_model.cpp	w4b-send: the Send list's labels — PRESET CHANGED on item 1 while noted, MENU for the exit row, else compose's	D9 index move + new assert	MENU index 2->4 in three checks (incl. the nullptr fail-closed control, kept discriminating at the MENU row); added: index 2 is now a phrase row (override false)
test_firmware_ui_model.cpp	ui-model: R2 — two DOUBLES under the overlay cannot open and then SEND an invisible compose view	added assert (anti-vacuity)	CHECK review_phase==none: with D5 a leaked double opens a review instead of queueing, so queued==false alone could no longer fail
test_firmware_ui_model.cpp	ui-model: R2 — a DOUBLE cannot SEND from a compose modal left open under ARMING	added assert (anti-vacuity)	CHECK review_phase==none: a leaked double would open a review (compose stays dm, nothing queued) and both landed asserts would pass
test_firmware_ui_presets.cpp	ui10-p1-abi: the /mrui record's ABI is what the size check guards, and the tail padding is NAMED	D15/D7 re-pin + added asserts	slot 21->167, blob 372->2852, TextMax 17->163, text 18->164, reserved_tail offset 12+17*21 -> 12+17*167; added kUiPresetVersion==2 and sizeof(reserved_tail)==1; magic/slot-path asserts unchanged
test_firmware_ui_presets.cpp	ui10-p1-defaults: the compiled catalog is §3.2.2's table verbatim	defaults 5->8 (D9)	added dm3/channel3(18 B)/channel4 asserts; disabled loop {3..8,11..16} -> {4..8,13..16}; the five landed rows unchanged
test_firmware_ui_presets.cpp	ui10-p1-defaults: THE DRIFT FENCE IS DISCHARGED — the compiled defaults ARE what the panel projects	defaults 5->8 (D9) + abbreviation	dm.n 2->3, ch.n 2->4; added row/slot asserts; channel3 row = 16 B + 0xBB while the catalog keeps 18 (§2.3)
test_firmware_ui_presets.cpp	ui10-p1-semantic: a size/header-valid record with ANY canonical violation classifies INVALID	D7/D15 re-derivation	tail byte [2]->[0] (ONE tail byte; [2] would now be an out-of-bounds write); len 18->T+1 (164), 40->200 (past text[164]); memset sizes 18/15 -> sizeof-derived; every violation still must classify invalid
test_firmware_ui_presets.cpp	ui10-p1-emergency: it IS text-editable, and every edit keeps it enabled	defaults 5->8 (D9)	reset-all revert fixture moved dm3->dm4 (dm3 is a default now); dm count 2->3; emergency-stays-enabled asserts unchanged
test_firmware_ui_presets.cpp	ui10-p1-validation: 1..17 -> 1..163 printable ASCII, both sides of the bound, for BOTH location states	1..17 -> 1..163 (D7)	k17/k18 -> k163/k164 at the validator and through set() for 3 slots x both loc states; added: 17/18 now ordinary lengths; forbidden-byte + ui_display_byte domain asserts unchanged
test_firmware_ui_presets.cpp	ui10-p1-validation: ★ A 273 -> 419-BYTE PHRASE IS REFUSED — the length check is not bypassable by narrowing	1..17 -> 1..163 (D7)	collision 273 (&0xFF=17) -> 419 (&0xFF=163); 274 -> 420; 18/17 -> 164/163; big[300] -> big[4096] so the lengths fit; zero-write + clamp asserts unchanged (U31/U32 still attacked)
test_firmware_ui_presets.cpp	ui10-p1-slots: the index IS the stable slot identity, and the ends both refuse	defaults 5->8 (D9)	gap example keeps dm1/dm4/dm8: added clear(3) + CHECK slot(3) disabled; channel count 2->4; bad_slot / zero-load asserts unchanged
test_firmware_ui_presets.cpp	ui10-p1-slots: zero enabled per kind is representable — P3's empty state has something to render	defaults 5->8 (D9)	reset_all counts dm 2->3, channel 2->4; the empty-state asserts unchanged
test_firmware_ui_presets.cpp	ui10-p1-words: every enum arm is worded, distinct, and swept BY CONSTRUCTION	reason set +bad_page (D14)	PresetErr::count 7->8; added bad_page spelling assert; the sweep and the six landed spellings unchanged
test_firmware_ui_presets.cpp	ui10-p1-resources: the catalog's residency is MEASURED, and ⛔ no full record rides a stack	D15 re-pin + added assert	blob 372->2852, 3x 1116->8556, blob layout +3 -> +1 tail; added sizeof(PresetCatalog)==8584 (host); the >=3x / <=3x+64 bounds unchanged
test_firmware_ui_presets.cpp	ui10-p1-states: the two -> three boot lines are the ONLY three, and ok/absent are silent	old_v1 (D8) + anti-vacuity	sweep extended to the five-valued domain: added old_v1 -> kPresetOldV1Line and its distinctness from the two others
test_firmware_ui_presets.cpp	NEW w6-v1: an old v1 record is recognised by SIZE, MAGIC and VERSION ONLY — before the exact-v2 check	new case	372/'MRU1'/v1 -> old_v1 with two nonsensical payloads; each fact alone -> invalid; io_failed/oversize outrank, absent stays absent; canonical v2 ok
test_firmware_ui_presets.cpp	NEW w6-v1: at boot an old v1 record runs the DEFAULTS, says so, and writes NOTHING — at EVERY boot	new case	two boots: old_v1, exact line, 0 saves, not counted invalid/io_failed, live == compiled defaults
test_firmware_ui_presets.cpp	NEW w6-v1: the FIRST successful mutation REPLACES the v1 record — even one that restates a default	new case	restating dm1 -> ok (not unchanged), 1 save, canonical v2, next boot ok+silent; old_v1 does not refuse writes
test_firmware_ui_presets.cpp	NEW w6-bounds: the boot line's own bound is derived from the three lines (81 B), and the page geometry is 4 x 5	new case	kPresetBootLineMax == widest+2 == 81; page size 4, pages 5, no empty last page; page token accepts 1..5 only
test_firmware_ui_preset_verbs.cpp	P2 the three NDJSON records are byte-exact (design §3.2.3)	D14/D9 end record + reasons	disabled-slot example dm3->dm4 (kRecDm4Disabled); end record gains text_max:163 and D9 actives 3/4; added the page end record (page/pages after generation) and independent capacity/text_max asserts; reasons six->seven (+bad_page), count 7->8
test_firmware_ui_preset_verbs.cpp	P2 list emits all 17 ... — W6: across FIVE pages of four, each ending ui_presets_end	list -> pages (D14), rewritten in place	per page: 4 records (page 5: 1) + end_page(3,4,1,n) LAST; all 17 slots exactly once in order across pages; disabled dm4 present; bare list == list 1; generation equal with no change and moved after a set (restart rule); active-swap check kept with 3/5
test_firmware_ui_preset_verbs.cpp	NEW w6-bad_page: a non-canonical page token or a second token answers bad_page, reading and writing nothing	new case	0/6/9/01/+1/all/x/'1 2'/'5 extra' -> one bad_page record, 0 loads, 0 saves; 1..5 never bad_page
test_firmware_ui_preset_verbs.cpp	P2 a mutating verb answers with the RESULTING record; reset all answers with the full list	D9 fixture move + added assert	reset-all revert slot channel4->channel5 (channel4 is a default); added: reset all carries no page field
test_firmware_ui_preset_verbs.cpp	P2 the busy table (spec §2): an ACTIVE emergency answers busy to EVERY mutating verb, no-ops included	list -> page 1 (D14)	busy-time list lines 17+1 -> kPresetPageSize+1; every busy row unchanged
test_firmware_ui_preset_verbs.cpp	P2 the remaining reasons: bad_slot, bad_text and an unreadable store	1..17 -> 1..163 (D7)	overlength arm 18 -> 164 bytes (built); inclusive bound 17 -> 163 (record carries all 163, len==163); bad_slot/store arms unchanged
test_firmware_ui_preset_verbs.cpp	P2 the grammar: an unknown sub-verb or a trailing token is REFUSED, never silently run	usage -> bad_page (D14)	'preset list all' removed from the usage-line list (now bad_page, covered by w6-bad_page); every other refusal unchanged
test_firmware_ui_preset_verbs.cpp	P2 USB and BLE byte-agree: ONE emitter, two sink shapes, identical streams and identical line counts	widest record re-derived + pages	widest line = emergency with 163 bytes loc off (was channel8/17); added 'list 5' and a bad_page line
test_firmware_ui_preset_verbs.cpp	P2 the boot restore: the four -> five storage states each drive the ruled line (or none), with zero writes	old_v1 (D8)	added old_v1 arm; added: old_v1 line at every boot, 0 boot writes, first successful (restating) change replaces v1 and clears the line; kPresetBootLineMax == 81
test_firmware_ui_preset_verbs.cpp	P2 the resident cost of the ONE live catalog is measured, not assumed	160 -> 244 / 98 -> 243	blob 372->2852; kPresetLineMax 160->244; widest record = emergency/163/loc off == 243 exactly; added: a 243-B buffer yields 0 (tight bound) and the widest page end record fits
test_firmware_ui_send.cpp	(all 35 ui_perform_send / 14 send_gate_of / 42 SendReq-initializer call sites)	carrier re-spelling (mechanical)	SendReq{k,p,s,g} -> {k,p,s,false,g} (peer_known false = the landed unverified DM); send_gate_of(req,cat) -> (req,cat,SendLive{}); ui_perform_send(...cat, CH...) -> (...cat, SendLive{}, t_line, sizeof t_line, CH...). SendLive{} = team 0 = every landed request's team, no resolved peer: no landed assertion changes meaning
test_firmware_ui_send.cpp	FakeExec::line[160] fixture	fixture capacity	160 -> kSendLineCap (199) so a 163-byte phrase line is recorded whole
test_firmware_ui_send.cpp	ui7-line: a DISABLED slot, an out-of-range slot and an empty row all REFUSE to compose	D9 fixture move	disabled examples dm3 -> dm4, channel4 -> channel5 (now defaults); refusal asserts unchanged
test_firmware_ui_send.cpp	ui7-B113: an ACCEPTED canned post enters `waiting`, KEEPS its handle, and moves neither DM nor alarm	direct-double->review	D5: review_confirm; every side-effect assert unchanged
test_firmware_ui_send.cpp	ui7-slot: a late_ack slot is released once the sub-view has closed	direct-double->review	D5: review_confirm; slot asserts unchanged
test_firmware_ui_send.cpp	ui7-slot: an UNANSWERED late_ack slot is released once the sub-view has gone, or the device is bricked	direct-double->review	D5: review_confirm; slot asserts unchanged
test_firmware_ui_send.cpp	ui7-line: kSendLineCap fits every line either verb can produce, at the widest id and channel	17 -> 163 (D7)	the widest-phrase arm uses a 163-byte phrase (was w17), both loc states; every compose still > 0
test_firmware_ui_send.cpp	NEW w6-line: kSendLineCap is the derived 199, and a 163-byte phrase composes WHOLE for every kind and fix state	new case	cap == 199 == its derivation; exact composed lines for dm/channel/emergency x loc x fix with all 163 bytes; the 188/191 emergency fixture
test_firmware_ui_send.cpp	NEW w6-gate: team and (known) recipient are asked at execution — typed refusals, zero submission, alarm exempt	new case	team_changed / recipient_changed (hash moved, binding lost); unknown hash sends by id; synthetic KNOWN ZERO matches only itself; generation asked first; emergency never gated; through ui_perform_send: typed state, 0 exec calls, no tracker
test_firmware_ui_chrome.cpp	chrome-nav: a REAL outcome landing on a live compose modal leaves the rail on SEND	direct-double->review (brief-named :~850-882) + added asserts	the phrase double queues nothing; capture (team 7) opens the review; rail on SEND over the review; short+double SEND queues; the outcome/rail asserts unchanged
test_firmware_ui_model.cpp	NEW w6-wrap: §7.2's four branches, IN ORDER, over counted bytes	new case	branches (1)(2)(2')(3)(4) each on its own; the 163-B witness = 17 lines / 6 pages; empty = 1 page
test_firmware_ui_model.cpp	NEW w6-wrap: every byte in ONE cell, in order — concatenation reproduces the payload; ≤ 19 per line, ≤ 6 pages	new case	3000 deterministic bodies 1..163: lines 1..19, concat == payload, pages == ceil(lines/3) ≤ 6, page rows reproduce the lines and empty rows past the text
test_firmware_ui_model.cpp	NEW w6-project: a compose row copies ≤ 17 bytes whole, else 16 + the generated 0xBB — still 17 cells, 20 B	new case	17 whole; 163 and D9's 18-byte default -> 16 + 0xBB; ComposeSlot 20 / ComposeList 161; the marker is kIdentityMarker
test_firmware_ui_model.cpp	NEW w6-review: a double on a phrase REQUESTS its review — BACK selected, NOTHING queued, the binding complete	new case	requested, no request, binding kind/slot/gen/team/unknown-peer; capture -> open, BACK, header TO TEAM, whole 18-byte text, 1 page, still nothing queued, arrow on the phrase
test_firmware_ui_model.cpp	NEW w6-review: row 0 names the destination — team, a verified DM (name ≤ 7 + hash), or UNVERIFIED	new case	TO STANIS» A0000011; unnamed -> member token; TO T11 UNVERIFIED (peer_known false); synthetic known zero -> TO T11 00000000 (known)
test_firmware_ui_model.cpp	NEW w6-review: short toggles SEND/BACK only; double BACK returns to the phrase; double SEND queues EXACTLY once	new case	toggles without queueing; BACK -> list, cursor on the phrase; SEND -> one request carrying the WHOLE binding (team, known hash), result phase, no second request
test_firmware_ui_model.cpp	NEW w6-review: pages turn on the kDetailPageMs cadence ONLY — never by a press, never a send; they cycle	new case	6-page review with LOC; page 0 until the deadline, 1 at it; a press does not turn; cycles back to 0; nothing queued
test_firmware_ui_model.cpp	NEW w6-review: the blank keeps the review and its page, resets to BACK, suspends the cadence; the wake only wakes	new case	blank: open, BACK, same page, no turns in the dark; wake double consumed (no toggle, no queue); cadence restarts at the wake on the same page
test_firmware_ui_model.cpp	NEW w6-review: long_arm keeps it at BACK; long_fire closes ONLY the review — after the alarm, the phrase list	new case	arming keeps the review at BACK, cancel keeps it; fire closes the review, the DM list stays; only the emergency request exists
test_firmware_ui_model.cpp	NEW w6-review: a later review NEVER overwrites a request still owed — the binding is not `_req`	new case	SEND (owed) -> ack -> another teammate's review requested -> the drained request is still the first (peer 10, dm1)
test_firmware_ui_model.cpp	NEW w6-race: a team change closes the review to its list with TEAM CHANGED — tick-only and same-tick press	new case	DM tick-only note + note-clearing press sends nothing; same-tick SEND sends nothing; channel list too; team -> 0 -> Home
test_firmware_ui_model.cpp	NEW w6-race: a KNOWN recipient re-keyed or unbound closes with RECIPIENT CHANGED; a removed one -> TEAMMATE GONE	new case	hash moved / hash lost -> note_recipient; unverified review not closed by a new hash; removed teammate -> Team list, team_pick_gone, nothing queued
test_firmware_ui_model.cpp	NEW w6-race: a moved generation closes with PRESET CHANGED — the DM list is KEPT and re-sealed; Send re-reads	new case	DM: note_preset, list kept, compose_gen = new, cursor 0, clearing press sends nothing; same-tick SEND sends nothing; Send list: W4b's home.changed; a capture that finds the move opens nothing
test_firmware_ui_model.cpp	NEW w6-union: the review's rows SHARE the Inbox detail's storage, and the two are never open together	new case	offsetof equal, 60 / 40 B, kDetailBodyRows 2; review open => detail closed; BACK resets the shared page; an Inbox detail shows only its own body
test_firmware_ui_model.cpp	NEW w6-rows: the action row is 19 columns with LOC at 12-14 only when requested; the note row is item 1 only	new case	exact action rows incl. LOC at 12-14 and the page token; note row idx 0 only, none for open/requested, fails closed
test_firmware_ui_model.cpp	NEW w6-capture: the review holds COPIES — a catalog edited after the capture changes nothing on it	new case	mutating the captured catalog object leaves review_line unchanged (no pointer kept)
test_firmware_ui_send.cpp	NEW ui-frame: F2 — W6: an Inbox frame under an open phrase REVIEW reads nothing	new case	a frame over an open review leaves the channel unread count at 1 (FrameGate watermark untouched)
tools/probe_ui_model_mutations.py	model S03 (§B101 close on a committed alarm)	re-anchor, meaning kept	W6 long_fire closes a REVIEW alone and every other compose as before; the entry drops the latter
tools/probe_ui_model_mutations.py	model Y01 (slot derived from the row index)	re-anchor, meaning kept	the slot is bound at the same press, by open_review now (D5)
tools/probe_ui_model_mutations.py	model S05 (cadence runs while dark)	re-anchor, meaning kept + widened	the ONE cadence line now covers the Inbox detail AND the review (shared page, D15)
tools/probe_ui_model_mutations.py	model S07 (blank does not outrank the page turn)	re-anchor, meaning kept + widened	same unified cadence line
tools/probe_ui_model_mutations.py	model M16/M17/M36/M37	unchanged entries; source kept unique	M16/M17: the review's page turn was folded into the existing cadence (no duplicate block); M36/M37: the review's BACK-reset line placed ABOVE the editing line so the two anchored lines stay adjacent
tools/probe_ui_model_mutations.py	uipresetverbs V03 (list skips disabled)	re-anchor, meaning kept	the one list emitter (pages + reset all)
tools/probe_ui_model_mutations.py	uipresetverbs V04/V05 (capacity literal / generation dropped)	re-anchor, meaning kept	fixed spellings are P1's named lexemes (kPresetEndHead/kPresetEndGen)
tools/probe_ui_model_mutations.py	uipresetverbs V06 (actives swapped)	re-anchor, meaning kept (label +W6 note)	the emitter's call now carries the page; D9 makes the actives 3/4
tools/probe_ui_model_mutations.py	uipresetverbs V18 (trailing token ignored)	re-anchor, meaning kept	a second token after the page must answer bad_page; mutant ignores it
tools/probe_ui_model_mutations.py	uipresets U25 (one-past-the-bound accepted)	mutant re-expressed at T	`len > 18` -> `len > kUiPresetTextMax + 1` (the same one-past shape at 163; a literal 18 would test a too-tight bound instead)
tools/probe_ui_model_mutations.py	uipresets U31 (bound after a narrow)	label only	273 -> 17 becomes 419 -> 163; the mutant (static_cast<uint8_t>) unchanged
test_firmware_ui_model.cpp	NEW w6-wrap: §7.2's four branches, IN ORDER — the (2)/(2') witnesses	anti-vacuity (union finding)	witnesses gain an EARLIER space (`abc efghijklmnopqrs tuv`, `abc efghijklmnopqr stuvw`) so asking (3) before (2) changes line 0; W6-M24 survived the dev union without it and is RED (5) with it; CHECK count unchanged
test_firmware_ui_model.cpp	26 W6-added string/char assertions (compose rows, review header/lines, note/action rows, detail line, the kIdentityMarker value)	expression form (harness-safe), predicates unchanged	`CHECK(std::string(a) == b)` -> `CHECK(std::strcmp(a, b) == 0)`; char compares -> `std::strlen(x) == 0u` / `uint8_t(kIdentityMarker) == 0xBBu` — the tree's own idiom for `»` rows (team/invite/status tests); a failing CHECK then prints integers only, never a raw 0xBB that the harness's strict UTF-8 decode crashes on (attempt-2 union: 7/8 workers died); CHECK count unchanged
test_firmware_ui_preset_verbs.cpp	NEW (boot restore) the old-v1 line at every boot	expression form (harness-safe)	`std::string(out4.buf) == kPresetOldV1Line + "\n"` -> strcmp == 0 (the line's em dash could be split by a truncating mutant); CHECK count unchanged
