docs/superpowers/evidence/2026-09-26-standalone-mobile-home-w4a.md	63	- **Board-UI `--no-neg`:** exit 1 with exactly **W49, W51, W54** failing (B418, W2's).
docs/superpowers/evidence/2026-09-26-standalone-mobile-home-w4a.md	276	- **Board-UI supplemental `--no-neg`:** exit 1 with the failure set **identical** to the baseline: W49, W51, W54 (B418,
docs/superpowers/evidence/2026-09-26-standalone-mobile-home-w4a.md	378	- **Scanners.** Nothing in `tools/probe_board_ui` anchors on an edited statement (0 hits for every edited pattern).
docs/superpowers/evidence/2026-09-26-standalone-mobile-home-w4a.md	458	- **Full board-UI probe (with controls).** B418's W49/W51/W54 are W2's to fix. Only the `--no-neg` supplemental ran,
docs/superpowers/evidence/2026-09-27-standalone-mobile-home-w4a-qa.md	33	| Supplemental board-UI `--no-neg` | Expected exit 1, **only W49/W51/W54** (existing B418), unchanged from baseline; not a full board-UI PASS |
docs/superpowers/evidence/2026-09-27-standalone-mobile-home-w4a-qa.md	103	No metal test, full board-UI gate, other unaffected firmware probe or owner commit was performed. The actual `6x10_tf` glyph appearance, cell spacing and legibility of `»` still need UI-20 on physical OLEDs. B418 remains W2's, B453 remains separate, and B447's named-peer precedence is outside W4a.
docs/superpowers/evidence/2026-09-18-radmin-slice8b.md	4	The required coder chain passes with the established B342 carve-out. Supplemental board-UI instrument drift
docs/superpowers/evidence/2026-09-18-radmin-slice8b.md	528	carve-out. The additional board-UI run is reported separately, including its nonzero exit; no instrument failure
docs/superpowers/evidence/2026-09-18-radmin-slice8b.md	587	set (also enumerated in the 8ac independent QA receipt); deferred-actions is additional. The extra board-UI
docs/superpowers/evidence/2026-09-18-radmin-slice8b.md	609	**B418, open:** the additional `probe_board_ui` reports W49/W51/W54 failures, wiring **57/60**,
docs/superpowers/evidence/2026-09-18-radmin-slice8b.md	612	No production or board-UI checker change was made. The aggregate chain driver exits 1 solely because that
docs/superpowers/evidence/2026-09-28-standalone-mobile-home-w4b-qa.md	54	| Board-UI supplemental `--no-neg` | Exit **1**, exactly the known **W49/W51/W54 (B418)** failures; V3 **124/124**, V4 **110/110**, structural **23/23**, wiring **56/59**, 171 wiring controls RED; not a full board-UI PASS |
docs/superpowers/evidence/2026-09-27-standalone-mobile-home-w4b-precheck.md	50	The exhaustive line-level reader index is [symbol-readers.tsv](2026-09-27-standalone-mobile-home-w4b-precheck/symbol-readers.tsv). It includes comments and mutation strings and is a textual census, not a claim that every hit is executable. Actual production decisions are in the model, renderer, chrome, status and team helpers. Native UI consumers are model/chrome/status/team/send/invite tests. Tool readers include the UI runner/probe, board-UI structural runner, ABI probe/self-tests and mutation harness. Incidental `on_page`/`Screen` hits in non-UI tests are not W4b consumers. The feature ownership scanner additionally walks all production headers without naming these symbols; it must remain clean.
docs/superpowers/evidence/2026-09-27-standalone-mobile-home-w4b-precheck.md	166	| Board-UI probe | canvas geometry, structural ownership, wiring W35–43 | New cue needs no board API. W42 ordinary x12/emergency x0 and W43 body/detail width remain. B418 W49/W51/W54 stay a known supplemental failure set, outside this fence |
docs/superpowers/evidence/2026-09-27-standalone-mobile-home-w4b-precheck.md	205	Other tool readers: stock ABI source/pin and `test_probe_board_abi.py`; warning census builds the six OLED TUs; the feature ownership scanner walks these files; board-UI W1–43 reads renderer structure. W49/W54 read `firmware_commands.cpp`, W51 reads `fw_main.cpp`; none is repaired by W4b. Do not include those production files or B418’s tool repair opportunistically. No command inventory line numbers change in the proposed four-file production fence; inventory stays 197 rows.
docs/superpowers/evidence/2026-09-27-standalone-mobile-home-w4b-precheck.md	249	| Board-UI `--no-neg`, supplemental only | V3 **124/124**, V4 **110/110**; trait controls **14**, missing-trait compile controls **12**; structural **23/23**; wiring **56 pass / 3 fail**, exactly **W49/W51/W54 (B418)**; runner reports 171 wiring controls. Exit **1**, not PASS |
docs/superpowers/evidence/2026-09-27-standalone-mobile-home-w4b-precheck.md	262	- Evidence and the brief’s pre-approved comment/rule amendments. Keep `lib/`, simulator, protocol/wire/NV versions, `fw_main.cpp`, `firmware_commands.cpp`, `board_ui.cpp`, bitmap/font assets and B418 repair out. QA’s eventual design/register/metal/tracker/MEMORY landing occurs after the freeze, never during paired measurement runs.
docs/superpowers/evidence/2026-09-24-standalone-mobile-home-w1-precheck.md	107	and run tools discovery if runners change (D5). The separate `probe_board_ui` drift recorded as **B418** remains
docs/superpowers/evidence/2026-09-25-standalone-mobile-home-w1-qa.md	145	coder evidence, not a claimed QA rerun. No metal test, new ABI measurement or `probe_board_ui` gate was run; the latter
docs/superpowers/evidence/2026-09-24-standalone-mobile-home-w1.md	75	No `lib/` file, other `src/` file, `platformio.ini`, `tools/probe_board_ui`, census or measurement tool was touched.
docs/superpowers/evidence/2026-09-24-standalone-mobile-home-w1.md	231	  `tools/probe_board_ui`, `tools/probe_ui_model_mutations.py` or elsewhere in `tools/`/`test/`. N9, O6 and O8 only
docs/superpowers/evidence/2026-09-24-standalone-mobile-home-w1.md	290	- **`tools/probe_board_ui`:** not in the gate list. Its drift is B418, which is W2's. The D6 audit found none of its
docs/superpowers/evidence/2026-09-25-standalone-mobile-home-w3-precheck.md	51	Native coverage is substantial: `test_firmware_ui_model.cpp` `ui7d-modal` cases at 2358–2510 cover geometry, lengths 0/1/38/39/42/76/77/241, null and zero-length bodies, row copying, sanitization, cadence/cycling and blank priority; `ui17-hold` at 5923/5971 and `ui17-wake` at 6354 cover retention and restart through the real model call order. The call/field users also include detail gestures, header formatting, deletion/error paths and emergency closure in this same header, its renderer, native model tests, the mutation harness, and board-UI W43. No second production pager was found.
docs/superpowers/evidence/2026-09-25-standalone-mobile-home-w3-precheck.md	156	- `tools/probe_board_ui/run.sh` **W43** is the nearby structural reader: it requires the literal `static_assert(kBodyCols == mrui::kDetailCols,` and `constexpr int kBodyCols = 19;` in the renderer. Keep both. S4a/S4-family layering checks forbid model dependencies in the low-level board UI; a pager stays in the existing pure model layer.
docs/superpowers/evidence/2026-09-25-standalone-mobile-home-w3-precheck.md	160	- The board-UI `negctl.py`/fakes and inbox-verbs probe contain historical UI filename references; they do not mutate these model bodies. No separate line-number-driven test reader of the moved statements was found.
docs/superpowers/evidence/2026-09-25-standalone-mobile-home-w3-precheck.md	162	The full board-UI probe was **not run or repaired** (B418 belongs to W2). Its relevant source predicates were read; this is not a claim that the whole instrument is green. Coder final D6/P7 census must be repeated after the chosen extraction, including comments that remain in mutation needles.
docs/superpowers/evidence/2026-09-25-standalone-mobile-home-w3-precheck.md	192	Not run: board size pairs, warning census, mutation batteries, tools discovery, board-UI probe or metal. They are not claimed as green W3 implementation gates. Board before/after measurements belong to the coder under `.pio-measure/w3/`, with the stock tool's paired repeatability rules and no intervening checkout/build changes inside a pair. No new metal behavior is proposed, so no bench edit is needed for W3.
docs/superpowers/evidence/2026-09-25-standalone-mobile-home-w1c.md	313	- **`tools/probe_board_ui`:** B418 belongs to W2.
docs/superpowers/evidence/2026-09-25-standalone-mobile-home-w1c.md	331	- **F-1 (out of fence): `tools/probe_board_ui/fakes/Arduino.h:90–91` now reads falsely.** It says "Nothing this probe
docs/superpowers/evidence/2026-09-27-standalone-mobile-home-w4b-brief-review.md	52	Also make the **W41** reader explicit in the implementation notes: `tools/probe_board_ui/run.sh:1042–1046` requires the existing bare selection-box statement. Adding braces around it to draw the new gutter would fail that reader despite equivalent box behavior. Preserve that statement and add the cue separately, or return for a narrowly scoped reader amendment; do not absorb B418. Include the affected board-UI supplemental run in QA's §4.2 list and require the same known W49/W51/W54 failure set.
docs/superpowers/evidence/2026-09-20-radmin-slice10-qa-gate.md	48	| Board-UI supplemental `--no-neg` | exactly W49 / W51 / W54 fail (B418, pre-existing); 23/23 structural, 56/59 wiring, 171 controls RED |
docs/superpowers/evidence/2026-09-20-radmin-slice10-qa-gate.md	90	- B418 (board-UI W49/W51/W54) re-verified pre-existing; B392 / B404 / B415 unchanged.
docs/superpowers/evidence/2026-09-27-standalone-mobile-home-w4b.md	37	- Board-UI `--no-neg`: exit 1, FAIL exactly **W49, W51, W54** (B418); V3 124/124, V4 110/110, traits 14, missing 12,
docs/superpowers/evidence/2026-09-27-standalone-mobile-home-w4b.md	128	   unchanged; PASS. `--no-neg`: "NOT RUN … NOT a gate … NOT A GATE". Board-UI `--no-neg`: failure set **identical** to
docs/superpowers/evidence/2026-09-25-standalone-mobile-home-w3-qa.md	52	| Supplemental board-UI `--no-neg` | Expected exit 1: **only W49/W51/W54**, identical to B418’s baseline; structural **23/23**, wiring **56/59**, **171 wiring controls RED**. This is not a full board-UI PASS |
docs/superpowers/evidence/2026-09-25-standalone-mobile-home-w3-qa.md	64	results, not added to QA’s independent 240. No full board-UI gate or metal test was run.
docs/superpowers/evidence/2026-09-25-standalone-mobile-home-w1c-qa.md	152	1. **B451 registered, LOW / non-gating:** shared fake `tools/probe_board_ui/fakes/Arduino.h:90–91` says no assertion
docs/superpowers/evidence/2026-09-25-standalone-mobile-home-w1c-qa.md	170	Not run: board-UI (B418, package W2); full device-radio probe (only its source-reader check was run: **25 PASS**,
docs/superpowers/evidence/2026-09-26-standalone-mobile-home-w4a-brief-review.md	75	- **Gate and evidence.** The stock board recipe keeps same-source repeatability comparisons separate from cross-source attribution. Paired runs remain isolated from edits/builds/evidence additions. Gateway image identity and unchanged mobile RAM are predictions with STOP conditions; mobile flash/stack differences must be derived. Coder census/full union and the narrower independent P6 gate are correctly separated. B418 remains a diagnostic limitation, not a board-UI PASS.
docs/superpowers/evidence/2026-09-26-standalone-mobile-home-w4a-brief-review.md	91	**Not rerun:** native suite, corpus, full firmware-UI probe, ABI sweep, board measurements, warning census, tools discovery, full board-UI probe or mutation union. The fresh pre-check baselines remain historical: native 2973/196111/0 with no skips; UI 518/964/518 with 231 controls and zero unusable; ABI 290 checks and nine controls RED; corpus 36/36 byte-identical. Unchanged executable inputs support using them as baselines, not substituting them for either implementation gate.
docs/superpowers/evidence/2026-09-24-standalone-mobile-home-design-review.md	76	**Glyph and geometry.** Independently decoded the actual `u8g2_font_6x10_tf` array using the library's 23-byte header and length-linked glyph records. It is 2000 bytes, SHA-256 `dbdd1b69c7c364c77ea1a72a5545a4eac3af317f52c290652b4917eb79d1b402`, with 191 byte glyphs exactly in 0x20–0x7E and 0xA0–0xFF; **0xBB is present**, at array offset 1221. `board_ui.cpp` uses that font and byte-oriented `drawStr`. Checked rail x=0–9, gutter x=10–11, body x=12, five rows and 19 columns. Team lines are 18/19 cells; the longest stated DM review header and located action row are 19. The ring layouts fit their budgets. The mark coordinates center 24 pixels, and a 13-character build ID occupies 78 pixels at x=25–102. Under the card plus restart message, row 0 identity, row 1 header, row 2 restart and rows 3–4 actions fit; DR-8 corrects the card's capped-count census. These are calculations, not a glass-readability result.
docs/superpowers/evidence/2026-09-25-standalone-mobile-home-w3-brief-review.md	79	| `tools/probe_board_ui/run.sh --no-neg` | Exit **1**; exactly **W49, W51, W54** fail, as predicted. Structural 23/23; wiring 56 passed / 3 failed; 171 wiring controls verified. V3 124/124 and V4 110/110 executable checks. This is a diagnostic with known failures, **not a full board-UI PASS** |
docs/superpowers/evidence/2026-09-22-standalone-mobile-home-source-audit.md	64	| Fonts: `u8g2_font_6x10_tf` body, `u8g2_font_10x20_tf` emergency headline; glyphs 0x20–0x7E and 0xA0–0xFF (191); lowercase present; no glyph for 0x80–0x9F; raw bytes are glyph codes | `variants/heltec_common/board_ui.cpp`: `set_font` (:303–307); U8g2 2.35.30 font header "Glyphs: 191/1597" (agent-decoded, header line checked) |
docs/superpowers/evidence/2026-09-27-standalone-mobile-home-w4b-brief-rereview.md	29	| **W4B-2 — renderer-control dispositions** | **Major correction satisfied.** §2.9 names C123 with the removed bitmap controls, preserves C102–104's frozen-position/publisher meanings, and permits C108/C124 re-anchors without retaining dead product helpers. C35/C84/C92–95/C99 also have explicit property-based dispositions. W41's exact box statement remains required; QA's §4.2 now includes board-UI's supplemental run with exactly the known W49/W51/W54 failure set. One must-fail cell needs the minor correction below. |
docs/superpowers/evidence/2026-09-18-radmin-slice8b-qa-gate.md	9	close.** B418 (a pre-existing board-UI probe drift) stays open and is verified pre-existing by QA on a scratch export
docs/superpowers/evidence/2026-09-18-radmin-slice8b-qa-gate.md	56	| supplemental `probe_board_ui --no-neg` (B418) | W49/W51/W54 FAIL, wiring 57/60, structural 23/23, 176 controls — **identical on a scratch export of `c07b77f`**: pre-existing, not 8b's | same (base run) |
docs/superpowers/evidence/2026-09-18-radmin-slice8b-qa-gate.md	77	- **B418**: reproduced by QA on the candidate and on a scratch export of the base; pre-existing board-UI probe drift,
docs/superpowers/evidence/2026-09-19-radmin-slice9-qa-gate.md	53	| supplemental `probe_board_ui --no-neg` | wiring 56/59, structural 23/23, 171 controls; failures **exactly W49 / W51 / W54** (B418; `CFG_NOTIFY_SITES=6`) | same |
docs/superpowers/evidence/2026-09-19-radmin-slice9-qa-gate.md	78	- **B418** (board-UI probe W49/W51/W54): unchanged, pre-existing, verified again on this tree → stays **OPEN / TOOL**.
docs/superpowers/evidence/2026-09-18-radmin-slice9.md	67	| `tools/probe_board_ui/run.sh:543` | `CFG_NOTIFY_SITES=7`, the W19 password success/wipe sequence and five controls, and W20's shared writer census depend on `handle_password`. Removing only that function in memory changes direct saves **7→6** and notifications **7→6**. The shared `nsite` census is used by other surviving checks too. |
docs/superpowers/evidence/2026-09-18-radmin-slice9.md	74	for surviving decisions. The board-UI W19/census dependency is additional to **B418's pre-existing W49/W51/W54**;
docs/superpowers/evidence/2026-09-18-radmin-slice9.md	167	board-UI W19/five controls and re-derive its shared writer census. The BEFORE supplemental board-UI run
docs/superpowers/evidence/2026-09-18-radmin-slice9.md	269	| Supplemental board-UI before / after | Before 57/60 and 176 controls; after 56/59 and 171 controls; structural 23/23 both | Identical failure set W49/W51/W54 (B418); W19 and its five controls retired |
docs/superpowers/evidence/2026-09-18-radmin-slice9.md	361	feature switch; feature A3/A4 and C3/C4, whose deleted consistency diagnostic no longer exists; board-UI
docs/superpowers/evidence/2026-09-18-radmin-slice9.md	478	| Supplemental board UI | Expected B418 only: **56/59** with W49/W51/W54 failing; 171 controls RED; structural 23/23. Base **57/60**, same failure set, 176 controls |
docs/superpowers/evidence/2026-09-18-radmin-slice9.md	641	supplemental B418 board-UI failure set remains W49/W51/W54. No new native, corpus or mutation run is implied
docs/superpowers/evidence/2026-09-06-radmin-slice4.md	205	probe does not compile and could not without the whole U8g2/board_ui canvas. **Measured, not assumed:** the link
docs/superpowers/evidence/2026-09-26-standalone-mobile-home-w4a-precheck.md	72	Other instrument readers: `probe_board_abi.py` includes model/invite and pins their layouts; `probe_board_ui/run.sh` scans the real renderer and board/model separation; `probe_features/ownership.py` and `check_data_type_literals.py` scan source trees. The board-UI W49/W51/W54 anchors are in command/boot/console dispatch, not these label statements; B418 stays with W2. The command inventory's explicit surfaces do not include the four recommended production files, so no inventory regeneration is predicted. New headers would expand this census; none is needed for the recommended shape.
docs/superpowers/evidence/2026-09-26-standalone-mobile-home-w4a-precheck.md	221	Actual panel driver: `variants/heltec_common/board_ui.cpp:set_font` (:303–306), small font **`u8g2_font_6x10_tf`**, large font `u8g2_font_10x20_tf`. Installed library is **U8g2 2.35.30**. Small font's 2,000-byte declaration is in `.pio/libdeps/heltec_mobile/U8g2/src/clib/u8g2_fonts.c:2752`; its hash and decoder/header/version inputs are recorded in [font-inputs.json](2026-09-26-standalone-mobile-home-w4a-precheck/font-inputs.json).
docs/superpowers/evidence/2026-09-26-standalone-mobile-home-w4a-precheck.md	238	`board_ui.cpp:draw_text` (:309) passes the bytes to `drawStr` without filtering. U8g2's `u8g2_DrawStr` (`u8g2_font.c:1039–1042`) uses `u8x8_ascii_next` (`u8x8_8x8.c:290`), which returns byte encodings directly (except string/newline termination). It does not use the UTF-8 decoder. Thus raw `C5 82` can show a Latin-1 glyph followed by a missing glyph; the source-side sanitizer is necessary. The host canvas only records strings, not physical pixels. This measurement confirms the font asset, not panel legibility.
docs/superpowers/evidence/2026-09-26-standalone-mobile-home-w4a-precheck.md	263	Not run here: board firmware measurements/build pair, warning census, native mutation union, tools discovery, full board-UI probe, or metal. They were not requested pre-check baselines. Coder board measurements and final gates are still required by the eventual approved brief. B418's W49/W51/W54 state is source-audited against W3's receipt here, not newly executed or claimed fixed.
docs/superpowers/evidence/2026-09-26-standalone-mobile-home-w4a-precheck.md	280	The brief should separately list all read-only dependencies from the census. `lib/core` (including `peer_name_find`), console/JSON/companion code, board font/driver, NEARBY/geo/chrome product logic and simulator are outside the implementation fence. The board-UI B418 repair stays W2; B447's named-peer precedence remains separate.
docs/superpowers/evidence/2026-09-03-b278-s5.md	154	| `tools/probe_board_ui/run.sh:958` | ⛔ **false positive** — a different S4a (§CHROME-1), unrelated to B278 |
docs/superpowers/evidence/2026-09-25-standalone-mobile-home-w3.md	48	- **Board-UI `--no-neg`:** exit 1 with exactly **W49, W51, W54** failing (B418, W2's); structural 23/23; wiring 56/59;
docs/superpowers/evidence/2026-09-25-standalone-mobile-home-w3.md	227	   - board-UI `--no-neg`: exit 1 with **exactly W49, W51 and W54** failing, the same three `FAIL` lines as the baseline,
docs/superpowers/evidence/2026-09-25-standalone-mobile-home-w3.md	285	  - the ABI probe, board-UI, discovery and the union: covered above.
docs/superpowers/evidence/2026-09-25-standalone-mobile-home-w3.md	407	- **The full board-UI probe:** B418's W49/W51/W54 are W2's. The `--no-neg` diagnostic ran, with its failure set equal to
docs/superpowers/evidence/2026-09-08-radmin-slice7b1.md	83	the host probes instead explicitly supply `tools/probe_board_ui/fakes/Arduino.h`, whose real
