live	W1	0
mutant	W1/1	1
live	W2	0
mutant	W2/1	1
live	W3	0
mutant	W3/1	1
live	W4	0
mutant	W4/1	1
live	W5	0
mutant	W5/1	1
live	W6	0
mutant	W6/1	1
live	W7	0
mutant	W7/1	1
mutant	W7/2	1
live	W8	0
mutant	W8/1	1
live	W9	0
mutant	W9/1	1
live	W10	0
mutant	W10/1	1
live	W10b	0
mutant	W10b/1	1
mutant	W10b/2	1
mutant	W10b/3	1
live	W11	0
mutant	W11/1	1
mutant	W11/2	1
mutant	W11/3	1
mutant	W11/4	1
live	W11b	0
mutant	W11b/1	1
mutant	W11b/2	1
live	W12	0
mutant	W12/1	1
mutant	W12/2	1
mutant	W12/3	1
mutant	W12/4	1
live	W13	0
mutant	W13/1	1
live	W14	0
mutant	W14/1	1
mutant	W14/2	1
mutant	W14/3	1
mutant	W14/4	1
live	W15	0
mutant	W15/1	1
mutant	W15/2	1
mutant	W15/3	1
mutant	W15/4	1
live	W16	0
mutant	W16/1	1
mutant	W16/2	1
mutant	W16/3	1
mutant	W16/4	1
live	W17	0
mutant	W17/1	1
mutant	W17/2	1
mutant	W17/3	1
mutant	W17/4	1
live	W18	0
mutant	W18/1	1
mutant	W18/2	1
mutant	W18/3	1
mutant	W18/4	1
live	W20	0
mutant	W20/1	1
mutant	W20/2	1
mutant	W20/3	1
mutant	W20/4	1
mutant	W20/5	1
mutant	W20/6	1
live	W21	0
mutant	W21/1	1
mutant	W21/2	1
mutant	W21/3	1
mutant	W21/4	1
live	W22	0
mutant	W22/1	1
mutant	W22/2	1
mutant	W22/3	1
live	W23	0
mutant	W23/1	1
mutant	W23/2	1
mutant	W23/3	1
mutant	W23/4	1
live	W24	0
mutant	W24/1	1
live	W25	0
mutant	W25/1	1
mutant	W25/2	1
live	W26	0
mutant	W26/1	1
mutant	W26/2	1
live	W26b	0
mutant	W26b/1	1
mutant	W26b/2	1
mutant	W26b/3	1
mutant	W26b/4	1
live	W27	0
mutant	W27/1	1
mutant	W27/2	1
mutant	W27/3	1
mutant	W27/4	1
mutant	W27/5	1
mutant	W27/6	1
mutant	W27/7	1
mutant	W27/8	1
live	W27b	0
mutant	W27b/1	1
mutant	W27b/2	1
live	W27c	0
mutant	W27c/1	1
mutant	W27c/2	1
live	W28	0
mutant	W28/1	1
live	W28b	0
mutant	W28b/1	1
live	W29	0
mutant	W29/1	1
mutant	W29/2	1
mutant	W29/3	1
mutant	W29/4	1
mutant	W29/5	1
mutant	W29/6	1
mutant	W29/7	1
live	W30	0
mutant	W30/1	1
mutant	W30/2	1
mutant	W30/3	1
live	W31	0
mutant	W31/1	1
mutant	W31/2	1
mutant	W31/3	1
mutant	W31/4	1
live	W32	0
mutant	W32/1	1
mutant	W32/2	1
mutant	W32/3	1
mutant	W32/4	1
mutant	W32/5	1
mutant	W32/6	1
live	W33	0
mutant	W33/1	1
mutant	W33/2	1
mutant	W33/3	1
mutant	W33/4	1
live	W34	0
mutant	W34/1	1
mutant	W34/2	1
mutant	W34/3	1
mutant	W34/4	1
live	W35	0
mutant	W35/1	1
mutant	W35/2	1
mutant	W35/3	1
live	W36	0
mutant	W36/1	1
mutant	W36/2	1
mutant	W36/3	1
live	W37	0
mutant	W37/1	1
mutant	W37/2	1
mutant	W37/3	1
live	W38	0
mutant	W38/1	1
mutant	W38/2	1
mutant	W38/3	1
live	W39	0
mutant	W39/1	1
mutant	W39/2	1
mutant	W39/3	1
live	W40	0
mutant	W40/1	1
mutant	W40/2	1
mutant	W40/3	1
mutant	W40/4	1
live	W41	0
mutant	W41/1	1
mutant	W41/2	1
mutant	W41/3	1
live	W42	0
mutant	W42/1	1
mutant	W42/2	1
mutant	W42/3	1
live	W43	0
mutant	W43/1	1
mutant	W43/2	1
live	W44	0
mutant	W44/1	1
mutant	W44/2	1
mutant	W44/3	1
live	W45	0
mutant	W45/1	1
mutant	W45/2	1
mutant	W45/3	1
mutant	W45/4	1
mutant	W45/5	1
live	W46	0
mutant	W46/1	1
mutant	W46/2	1
live	W47	0
mutant	W47/1	1
mutant	W47/2	1
mutant	W47/3	1
mutant	W47/4	1
mutant	W47/5	1
mutant	W47/6	1
mutant	W47/7	1
mutant	W47/8	1
live	W48	0
mutant	W48/1	1
mutant	W48/2	1
mutant	W48/3	1
live	W49	0
mutant	W49/1	1
mutant	W49/2	1
mutant	W49/3	1
mutant	W49/4	1
mutant	W49/5	1
mutant	W49/6	1
live	W50	0
mutant	W50/1	1
mutant	W50/2	1
mutant	W50/3	1
live	W51	0
mutant	W51/1	1
mutant	W51/2	1
mutant	W51/3	1
mutant	W51/4	1
live	W52	0
mutant	W52/1	1
mutant	W52/2	1
mutant	W52/3	1
mutant	W52/4	1
mutant	W52/5	1
live	W53	0
mutant	W53/1	1
mutant	W53/2	1
live	W54	0
mutant	W54/1	1
mutant	W54/2	1
mutant	W54/3	1
mutant	W54/4	1
live	W54-help	0
mutant	W54-help/1	1
