file	item	kind	disposition / must-fail
test/test_device_nv.cpp	NEW device_nv/W0: id_blob_from_live copies EVERY field, stamps the record and zeroes the unused name bytes	new case (brief §2.7 native)	names of 0/1/31/32 bytes over a 0xA5-prefilled record, compared byte for byte with an independently built record; unused name bytes 0; INT32_MIN/INT32_MAX coordinates verbatim. Must-fail: devicenv W0-N1 seed, W0-N2 name, W0-N3 lat, W0-N4 lon, W0-N5 magic, W0-N6 version, W0-N10 no zeroing
test/test_device_nv.cpp	NEW device_nv/W0: an empty live name is a valid candidate — the unnamed node's record keeps seed and position	new case	a null pointer at length 0 is accepted; the whole record compared. Must-fail: W0-N1/N3/N4/N5/N6/N10
test/test_device_nv.cpp	NEW device_nv/W0: arbitrary HIGH bytes are copied as bytes — no terminator, no repertoire, no truncation	new case	32 bytes ≥0x80 with an embedded NUL, compared with memcmp (no raw byte ever printed). Must-fail: W0-N2 name, W0-N10
test/test_device_nv.cpp	NEW device_nv/W0: a name over 32 bytes is REFUSED on its size_t length — before any narrowing, nothing usable left	new case	33 / 256 / 65537 refused with a wholly zero record (no magic); a null pointer with a non-zero length refused. Must-fail: W0-N7 (33 accepted), W0-N8 (uint8 narrowing: 256), W0-N9 (uint16 narrowing: 65537), W0-N10 (a refusal leaves 0xA5)
test/test_device_nv.cpp	#include <string>	include	for the 65537-byte name
tools/probe_ui_model_mutations.py	devicenv W0-N1..W0-N10	10 new entries (brief §2.8: dropped seed/name/lat/lon/stamp, accepted overlength, narrowing before admission)	anchors in the pure helper, each matching exactly once; all RED in the dev run (56/56)
tools/probe_ui_model_mutations.py	PIN_CASES, PIN_ASSERTS 3055, 199532 -> 3059, 199638	PIN re-sync	+4 cases/+106 assertions, all test_device_nv 27/471 -> 31/577 (measured by the full native binary per source file)
tools/probe_inbox_verbs/probe_main.cpp	the eight config-handler stubs	stub exclusion (brief §2.7)	wrapped in `#ifndef MR_PROBE_IDENTITY_ARM`: byte-identical for every build that does not define it (accept/client/oled here, the transcript driver, deferred-actions); left out ONLY of the identity arm, which links the real ones
tools/probe_inbox_verbs/probe_main.cpp	legacy adapter stand-in `mrfw::id_candidate_from_live` (labelled, W0R-2)	new provider, legacy builds only	builds from the fixture's live fields through the REAL `mrnv::id_blob_from_live`; reads no NV, installs nothing; excluded from the identity arm with the stubs. Link reconciliation: accept/client/oled here (dev run links + passes), deferred-actions (links + passes, source unchanged), transcript driver (NOT RUN, owner ruling 2026-09-30 B487/B488)
tools/probe_inbox_verbs/probe_main.cpp	install_live_name_pos() + R11 (R12..R22), R23, R25, R26 fixtures	live precondition (brief §2.7)	the seeded record's name and position are installed LIVE (regen's candidate is the live snapshot now); NO crypto (seed_id unchanged; R1..R17 still observe crypto becoming ready). Every expected output and persisted field unchanged; the R rows keep their exact assertions
tools/probe_inbox_verbs/identity_main.cpp	NEW identity arm driver	new file (brief §2.7)	M 140 + N 12 + G 18 + C 4 + R1 1 (+ R2 CLIENT) = 175 / 176 rows; each listed with its controls in dispositions-probes.tsv
tools/probe_inbox_verbs/identity_platform.h	NEW platform shim	new file (brief §2.7)	LoRa defaults, default_output_dbm via rf_capabilities.h, __FlashStringHelper, the one g_persist_team_local_id definition; force-included into the config TU only
tools/probe_inbox_verbs/run.sh	arms identity_accept / identity_client; CFG_TU/PROBE_SRC; build_variant's optional config TU; symbol ownership for identity_client; the `config` control kind; W0-C1..C12 (w0_ctl with intended-row check); PIN_CHECKS_IDENTITY_ACCEPT/CLIENT 175/176, PIN_CONTROLS_IDENTITY 13; md5 list + the four identity inputs; the arm-1/2-only gate on the shared R7/A7/A10 controls	runner (brief §2.7)	the builder boundary `rc=0\nif ! build_support;` still occurs exactly once; build_variant/build_support callable as before (CFG_TU empty => identical build); deferred-actions reruns green with its source unchanged
docs/superpowers/evidence/2026-09-04-radmin-command-inventory.md	138 rows' `file:line` anchors	stock regeneration (line anchors only)	197 semantic rows unchanged: the regenerated file equals the tracked one after normalising `src/<tu>:<line>` (98 firmware_commands.cpp + 178 firmware_config.cpp anchor mentions moved)
