source_line	label	must_build	observed_verdict
482	C0  restoring #include "fw_context.h" breaks the host build	no	ok   C0  restoring #include "fw_context.h" breaks the host build (build fails, as required)
489	C1  mac_idle() -> true (no gate at all)	yes	ok   C1  mac_idle() -> true (no gate at all) -> RED (5 check(s) failed)
491	C2  mac_idle() keeps only the radio clause	yes	ok   C2  mac_idle() keeps only the radio clause -> RED (1 check(s) failed)
493	C3  mac_idle() keeps only the queue clause	yes	ok   C3  mac_idle() keeps only the queue clause -> RED (4 check(s) failed)
500	C10 mac_idle() -> false (suppressed for ever; the panel never paints)	yes	ok   C10 mac_idle() -> false (suppressed for ever; the panel never paints) -> RED (318 check(s) failed)
507	C11 next_page()'s verdict is never fed back to the gate	yes	ok   C11 next_page()'s verdict is never fed back to the gate -> RED (58 check(s) failed)
513	C4  pages advance WITHOUT re-drawing the scene (7 of 8 blank)	yes	ok   C4  pages advance WITHOUT re-drawing the scene (7 of 8 blank) -> RED (12 check(s) failed)
519	C5  the idle arm forces a repaint, bypassing the 2 Hz throttle	yes	ok   C5  the idle arm forces a repaint, bypassing the 2 Hz throttle -> RED (278 check(s) failed)
525	C6  the ADC burst is no longer gated on a MAC-idle radio	yes	ok   C6  the ADC burst is no longer gated on a MAC-idle radio -> RED (1 check(s) failed)
527	C7  the cadence gates on SUCCEEDED instead of ATTEMPTED	yes	ok   C7  the cadence gates on SUCCEEDED instead of ATTEMPTED -> RED (4 check(s) failed)
529	C8  the 30 s period is never re-armed (sample every pass)	yes	ok   C8  the 30 s period is never re-armed (sample every pass) -> RED (4 check(s) failed)
533	C9  the dead-panel report tests board_init() the wrong way round	yes	ok   C9  the dead-panel report tests board_init() the wrong way round -> RED (1 check(s) failed)
538	C12 mr_ui_init no longer brings the panel up	yes	ok   C12 mr_ui_init no longer brings the panel up -> RED (2 check(s) failed)
545	C13 an unavailable read ERASES the last good value	yes	ok   C13 an unavailable read ERASES the last good value -> RED (1 check(s) failed)
555	C14 the battery token is invented instead of formatted (a plausible voltage for --)	yes	ok   C14 the battery token is invented instead of formatted (a plausible voltage for --) -> RED (4 check(s) failed)
557	C15 the strip renders a PERCENTAGE instead of volts (ruled out)	yes	ok   C15 the strip renders a PERCENTAGE instead of volts (ruled out) -> RED (7 check(s) failed)
559	C16 the strip hardcodes a voltage instead of reading the frozen chrome	yes	ok   C16 the strip hardcodes a voltage instead of reading the frozen chrome -> RED (4 check(s) failed)
567	C17 the record lookup matches seq only (the kind clause dropped)	yes	ok   C17 the record lookup matches seq only (the kind clause dropped) -> RED (17 check(s) failed)
569	C18 the erase targets the DM store unconditionally (B133's shape)	yes	ok   C18 the erase targets the DM store unconditionally (B133's shape) -> RED (6 check(s) failed)
571	C19 the preview row carries msg_id where the identity should be	yes	ok   C19 the preview row carries msg_id where the identity should be -> RED (39 check(s) failed)
573	C20 the preview row hardcodes the kind (every row reads DM)	yes	ok   C20 the preview row hardcodes the kind (every row reads DM) -> RED (51 check(s) failed)
579	C21 every erase is reported as a SUCCESS regardless of the outcome	yes	ok   C21 every erase is reported as a SUCCESS regardless of the outcome -> RED (7 check(s) failed)
582	C27 the erase targets the CHANNEL store unconditionally	yes	ok   C27 the erase targets the CHANNEL store unconditionally -> RED (4 check(s) failed)
586	C28 opening a record DELETES it (the switch arms crossed)	yes	ok   C28 opening a record DELETES it (the switch arms crossed) -> RED (47 check(s) failed)
601	CC1 the ordinary-view gate is dropped (E2E receipts come back as inbox rows)	yes	ok   CC1 the ordinary-view gate is dropped (E2E receipts come back as inbox rows) -> RED (3 check(s) failed)
603	CC2 the gate is applied AFTER the budget (the row slot and the total are already spent)	yes	ok   CC2 the gate is applied AFTER the budget (the row slot and the total are already spent) -> RED (3 check(s) failed)
605	C22 the tick never serves the inbox request (the modal cannot open)	yes	ok   C22 the tick never serves the inbox request (the modal cannot open) -> RED (43 check(s) failed)
607	C23 the body length is left for the model to measure (the strlen shape)	yes	ok   C23 the body length is left for the model to measure (the strlen shape) -> RED (33 check(s) failed)
609	C24 draw_frame stops giving the modal the body	yes	ok   C24 draw_frame stops giving the modal the body -> RED (45 check(s) failed)
613	C25 the MESSAGE GONE refusal row is dropped from the list	yes	ok   C25 the MESSAGE GONE refusal row is dropped from the list -> RED (1 check(s) failed)
618	C29 the SETTINGS screen is never drawn (the switch arm dropped)	yes	ok   C29 the SETTINGS screen is never drawn (the switch arm dropped) -> RED (60 check(s) failed)
620	C30 the model is never given the config service (the menu is inert)	yes	ok   C30 the model is never given the config service (the menu is inert) -> RED (64 check(s) failed)
625	C31 the draft marker renders UiState::dirty instead of config_unsaved()	yes	ok   C31 the draft marker renders UiState::dirty instead of config_unsaved() -> RED (2 check(s) failed)
627	C32 the value row shows a default instead of the DRAFT	yes	ok   C32 the value row shows a default instead of the DRAFT -> RED (2 check(s) failed)
636	C33 the SETTINGS badge always draws the clean gear (the state becomes invisible)	yes	ok   C33 the SETTINGS badge always draws the clean gear (the state becomes invisible) -> RED (6 check(s) failed)
638	C34 the editor is indistinguishable from the browsing row (no bracket)	yes	ok   C34 the editor is indistinguishable from the browsing row (no bracket) -> RED (2 check(s) failed)
648	C35 RESTART NEEDED never reaches STATUS (the reboot fact is dropped)	yes	ok   C35 RESTART NEEDED never reaches STATUS (the reboot fact is dropped) -> RED (1 check(s) failed)
651	C36 the BLE row is rendered unconditionally (the transport condition ignored)	yes	ok   C36 the BLE row is rendered unconditionally (the transport condition ignored) -> RED (1 check(s) failed)
657	C37 the hook never tells the service (the notification is dropped)	yes	ok   C37 the hook never tells the service (the notification is dropped) -> RED (8 check(s) failed)
666	C38 the latch is raised and NOTHING asks for a repaint (INVISIBLE)	yes	ok   C38 the latch is raised and NOTHING asks for a repaint (INVISIBLE) -> RED (12 check(s) failed)
669	C39 the is_open() guard is dropped (flash is read on every cfg set)	yes	ok   C39 the is_open() guard is dropped (flash is read on every cfg set) -> RED (1 check(s) failed)
671	C40 an unreadable record is treated as a conflict (a latch from no evidence)	yes	ok   C40 an unreadable record is treated as a conflict (a latch from no evidence) -> RED (2 check(s) failed)
680	C41 ChanState::waiting says SENT again (the pre-T3 false confirmation)	yes	ok   C41 ChanState::waiting says SENT again (the pre-T3 false confirmation) -> RED (4 check(s) failed)
682	C42 ChanState::aired says QUEUED (the earned state never shows)	yes	ok   C42 ChanState::aired says QUEUED (the earned state never shows) -> RED (2 check(s) failed)
684	C43 the no-relay outcome reads SENT, no relay again	yes	ok   C43 the no-relay outcome reads SENT, no relay again -> RED (2 check(s) failed)
686	C44 DmState::aired_waiting is rendered as QUEUED too	yes	ok   C44 DmState::aired_waiting is rendered as QUEUED too -> RED (1 check(s) failed)
697	C45 the fail-closed guard is dropped (sleeps after a hardware refusal)	yes	ok   C45 the fail-closed guard is dropped (sleeps after a hardware refusal) -> RED (1 check(s) failed)
699	C46 the board is never asked (the arm is answered from a constant)	yes	ok   C46 the board is never asked (the arm is answered from a constant) -> RED (4 check(s) failed)
704	C47 a held button is treated as a hardware failure (latches sleep off for the boot)	yes	ok   C47 a held button is treated as a hardware failure (latches sleep off for the boot) -> RED (3 check(s) failed)
706	C48 the arm failure is never said on the console	yes	ok   C48 the arm failure is never said on the console -> RED (2 check(s) failed)
710	C52 the arm report is inverted (silent on the first failure, cries later)	yes	ok   C52 the arm report is inverted (silent on the first failure, cries later) -> RED (2 check(s) failed)
714	C53 the failure is said on every pass, not once (a USB-CDC flood)	yes	ok   C53 the failure is said on every pass, not once (a USB-CDC flood) -> RED (1 check(s) failed)
718	C54 an arm is put back into mr_ui_init() (B200, literally)	yes	ok   C54 an arm is put back into mr_ui_init() (B200, literally) -> RED (1 check(s) failed)
722	C55 the disarm's answer is discarded (a stuck level is reported as clean)	yes	ok   C55 the disarm's answer is discarded (a stuck level is reported as clean) -> RED (1 check(s) failed)
726	C56 the policy hook arms the wake itself (a per-pass arm on a possibly-held pin)	yes	ok   C56 the policy hook arms the wake itself (a per-pass arm on a possibly-held pin) -> RED (2 check(s) failed)
731	C57 the boot announces a wake source again (nothing arms one there)	yes	ok   C57 the boot announces a wake source again (nothing arms one there) -> RED (1 check(s) failed)
735	C58 a SUCCESSFUL arm is reported as a failure (the vacuity control)	yes	ok   C58 a SUCCESSFUL arm is reported as a failure (the vacuity control) -> RED (3 check(s) failed)
739	C59 the disarm is never performed (the board is not even asked)	yes	ok   C59 the disarm is never performed (the board is not even asked) -> RED (3 check(s) failed)
746	C60 a successful disarm reports a problem anyway (cries wolf)	yes	ok   C60 a successful disarm reports a problem anyway (cries wolf) -> RED (1 check(s) failed)
750	C49 the hook always permits sleep (the whole policy bypassed)	yes	ok   C49 the hook always permits sleep (the whole policy bypassed) -> RED (3 check(s) failed)
752	C50 the hook never permits sleep (the panel-lit answer for ever)	yes	ok   C50 the hook never permits sleep (the panel-lit answer for ever) -> RED (3 check(s) failed)
757	C51 the policy is re-derived here without the input term (B197 back)	yes	ok   C51 the policy is re-derived here without the input term (B197 back) -> RED (1 check(s) failed)
763	C26 the highlight is NOT suppressed while the refusal stands	yes	ok   C26 the highlight is NOT suppressed while the refusal stands -> RED (1 check(s) failed)
772	C61 the strip is drawn from the LIVE chrome instead of the frozen copy	yes	ok   C61 the strip is drawn from the LIVE chrome instead of the frozen copy -> RED (4 check(s) failed)
778	C62 nothing invalidates on a chrome change (the strip goes stale on a lit panel)	yes	ok   C62 nothing invalidates on a chrome change (the strip goes stale on a lit panel) -> RED (6 check(s) failed)
784	C63 the comparison reference is updated where the change is OBSERVED, not at the freeze	yes	ok   C63 the comparison reference is updated where the change is OBSERVED, not at the freeze -> RED (4 check(s) failed)
789	C64 every home state draws the same house (the four-state table bypassed)	yes	ok   C64 every home state draws the same house (the four-state table bypassed) -> RED (2 check(s) failed)
791	C65 a missing team content key draws the NORMAL key (the slot claims a capability)	yes	ok   C65 a missing team content key draws the NORMAL key (the slot claims a capability) -> RED (1 check(s) failed)
799	C66 the battery token's column is moved (the frozen slot redefined)	yes	ok   C66 the battery token's column is moved (the frozen slot redefined) -> RED (10 check(s) failed)
804	C67 every glyph is drawn at the same x (the layout table bypassed)	yes	ok   C67 every glyph is drawn at the same x (the layout table bypassed) -> RED (24 check(s) failed)
809	C68 the battery is drawn at the shared 7-px width (its 2-byte stride ignored)	yes	ok   C68 the battery is drawn at the shared 7-px width (its 2-byte stride ignored) -> RED (1 check(s) failed)
814	C69 the strip is drawn after the body, so body-replacing views lose it	yes	ok   C69 the strip is drawn after the body, so body-replacing views lose it -> RED (51 check(s) failed)
818	C70 the strip's icons are drawn below their y=0..8 band	yes	ok   C70 the strip's icons are drawn below their y=0..8 band -> RED (29 check(s) failed)
824	C71 the blanked arm falls through and paints into a dark panel	yes	ok   C71 the blanked arm falls through and paints into a dark panel -> RED (5 check(s) failed)
831	C74 a chrome change is treated as user input (the panel never blanks)	yes	ok   C74 a chrome change is treated as user input (the panel never blanks) -> RED (71 check(s) failed)
835	C72 the live chrome is built once and cached (a stale projection for ever)	yes	ok   C72 the live chrome is built once and cached (a stale projection for ever) -> RED (209 check(s) failed)
839	C73 the strip opens a frame of its own while composing	yes	ok   C73 the strip opens a frame of its own while composing -> RED (276 check(s) failed)
841	C75 the strip parks the panel mid-compose (a bus command from a draw)	yes	ok   C75 the strip parks the panel mid-compose (a bus command from a draw) -> RED (6 check(s) failed)
854	C76 the emergency rail suppression is dropped entirely (§5.3)	yes	ok   C76 the emergency rail suppression is dropped entirely (§5.3) -> RED (1 check(s) failed)
865	C77 the rail is never drawn (the screens lose their only heading)	yes	ok   C77 the rail is never drawn (the screens lose their only heading) -> RED (182 check(s) failed)
870	C78 every rail slot gets a selection frame (exactly-one becomes all-five)	yes	ok   C78 every rail slot gets a selection frame (exactly-one becomes all-five) -> RED (162 check(s) failed)
876	C79 the selection comes from a renderer-local cursor, not the frozen nav	yes	ok   C79 the selection comes from a renderer-local cursor, not the frozen nav -> RED (175 check(s) failed)
881	C80 the rail packs its slots consecutively (a second layout)	yes	ok   C80 the rail packs its slots consecutively (a second layout) -> RED (179 check(s) failed)
885	C81 the ordinary body is drawn at x=0, under the rail's icons	yes	ok   C81 the ordinary body is drawn at x=0, under the rail's icons -> RED (100 check(s) failed)
890	C82 the emergency headline is shifted to kBodyX (a clipped distress string)	yes	ok   C82 the emergency headline is shifted to kBodyX (a clipped distress string) -> RED (7 check(s) failed)
901	C83 the STATUS identity goes back onto one 21-column row	yes	ok   C83 the STATUS identity goes back onto one 21-column row -> RED (4 check(s) failed)
911	C84 the withdrawn CFG marker is put back on the STATUS body (§6.1's other direction)	yes	ok   C84 the withdrawn CFG marker is put back on the STATUS body (§6.1's other direction) -> RED (2 check(s) failed)
916	C85 SETTINGS drops its actionable marker text, leaving only the badge (§6 forbids)	yes	ok   C85 SETTINGS drops its actionable marker text, leaving only the badge (§6 forbids) -> RED (5 check(s) failed)
921	C86 the SETTINGS marker row is drawn unconditionally (a clean draft reads UNSAVED)	yes	ok   C86 the SETTINGS marker row is drawn unconditionally (a clean draft reads UNSAVED) -> RED (10 check(s) failed)
925	C87 the rail's glyphs are drawn at the body's x, over the text	yes	ok   C87 the rail's glyphs are drawn at the body's x, over the text -> RED (23 check(s) failed)
939	C88 the PROVISION row is rendered unconditionally (the ruling not applied)	yes	ok   C88 the PROVISION row is rendered unconditionally (the ruling not applied) -> RED (19 check(s) failed)
941	C89 the child predicates are published as TRUE on a build with no children	yes	ok   C89 the child predicates are published as TRUE on a build with no children -> RED (1 check(s) failed)
950	C90 the closed view draws the MENU's rows anyway (the ruling not applied at the renderer)	yes	ok   C90 the closed view draws the MENU's rows anyway (the ruling not applied at the renderer) -> RED (59 check(s) failed)
955	C91 the closed view keeps the note/reboot row to itself (§6's icon-only error)	yes	ok   C91 the closed view keeps the note/reboot row to itself (§6's icon-only error) -> RED (1 check(s) failed)
959	C92 the entry row's label is re-spelled at the draw site	yes	ok   C92 the entry row's label is re-spelled at the draw site -> RED (58 check(s) failed)
970	C93 the list is drawn as ENTERED whatever the model says	yes	ok   C93 the list is drawn as ENTERED whatever the model says -> RED (25 check(s) failed)
972	C94 an entered list is drawn as PASSIVE (no marker, no exit)	yes	ok   C94 an entered list is drawn as PASSIVE (no marker, no exit) -> RED (139 check(s) failed)
978	C95 the interactive list's BACK row is never drawn	yes	ok   C95 the interactive list's BACK row is never drawn -> RED (134 check(s) failed)
993	C96 the reserved 24x24 mark is never drawn (the slot vanishes)	yes	ok   C96 the reserved 24x24 mark is never drawn (the slot vanishes) -> RED (2 check(s) failed)
999	C97 rows 0-2 are drawn at the body origin, through the reserved mark	yes	ok   C97 rows 0-2 are drawn at the body origin, through the reserved mark -> RED (6 check(s) failed)
1004	C98 row 3 is drawn at the NARROWED origin (18 columns in 14)	yes	ok   C98 row 3 is drawn at the NARROWED origin (18 columns in 14) -> RED (4 check(s) failed)
1010	C99 the mark is drawn in the chrome, so EVERY screen shows it	yes	ok   C99 the mark is drawn in the chrome, so EVERY screen shows it -> RED (4 check(s) failed)
1017	C100 STATUS row 2 is never placed (the pure row is composed and dropped)	yes	ok   C100 STATUS row 2 is never placed (the pure row is composed and dropped) -> RED (1 check(s) failed)
1019	C101 STATUS row 2 is placed on row 1's baseline (a misroute)	yes	ok   C101 STATUS row 2 is placed on row 1's baseline (a misroute) -> RED (1 check(s) failed)
1025	C102 row 4 reads the LIVE config again (the row can TEAR mid-frame)	yes	ok   C102 row 4 reads the LIVE config again (the row can TEAR mid-frame) -> RED (2 check(s) failed)
1030	C103 own_fix is published as a constant (a fix that was never configured)	yes	ok   C103 own_fix is published as a constant (a fix that was never configured) -> RED (1 check(s) failed)
1032	C104 own_fix is published from ONE coordinate (the OR narrowed to lat)	yes	ok   C104 own_fix is published from ONE coordinate (the OR narrowed to lat) -> RED (1 check(s) failed)
1047	C105 the pre-S4 row (9-column label + hops) is composed inline again	yes	ok   C105 the pre-S4 row (9-column label + hops) is composed inline again -> RED (31 check(s) failed)
1051	C106 every row is drawn from snapshot row 0 (the wrong teammate)	yes	ok   C106 every row is drawn from snapshot row 0 (the wrong teammate) -> RED (11 check(s) failed)
1055	C107 the row marker is hard-wired off (no pick is ever shown)	yes	ok   C107 the row marker is hard-wired off (no pick is ever shown) -> RED (19 check(s) failed)
1059	C108 the team rows are ALSO drawn at the STATUS x=40 origin	yes	ok   C108 the team rows are ALSO drawn at the STATUS x=40 origin -> RED (3 check(s) failed)
1063	C109 the S4 repaint invalidation is never called (F-8 re-opened)	yes	ok   C109 the S4 repaint invalidation is never called (F-8 re-opened) -> RED (5 check(s) failed)
1067	C110 the invalidation compares the live snapshot with ITSELF	yes	ok   C110 the invalidation compares the live snapshot with ITSELF -> RED (5 check(s) failed)
1072	C111 the tick marks the model dirty unconditionally instead	yes	ok   C111 the tick marks the model dirty unconditionally instead -> RED (66 check(s) failed)
1079	C112 the roster is drawn in REVERSE order (a re-sort by any other name)	yes	ok   C112 the roster is drawn in REVERSE order (a re-sort by any other name) -> RED (28 check(s) failed)
1093	C113 the own fix is read LIVE in the renderer (the rows can TEAR mid-frame)	yes	ok   C113 the own fix is read LIVE in the renderer (the rows can TEAR mid-frame) -> RED (1 check(s) failed)
1098	C114 the cache is never read, so no teammate ever has a position	yes	ok   C114 the cache is never read, so no teammate ever has a position -> RED (6 check(s) failed)
1103	C115 the location age is published as ZERO, so a stale position renders as current	yes	ok   C115 the location age is published as ZERO, so a stale position renders as current -> RED (2 check(s) failed)
1107	C116 latitude and longitude are published crossed	yes	ok   C116 latitude and longitude are published crossed -> RED (5 check(s) failed)
1112	C117 the cache miss is published as a hit (0,0 becomes a position)	yes	ok   C117 the cache miss is published as a hit (0,0 becomes a position) -> RED (1 check(s) failed)
1119	C118 the renderer transmits a request for a peer it has no position for	yes	ok   C118 the renderer transmits a request for a peer it has no position for -> RED (233 check(s) failed)
1130	C119 the wake is hard-wired into the device push entry (wake-on-any-push)	yes	ok   C119 the wake is hard-wired into the device push entry (wake-on-any-push) -> RED (4 check(s) failed)
1139	C120 the RX kinds are routed to the SEND half, so no message ever wakes the panel	yes	ok   C120 the RX kinds are routed to the SEND half, so no message ever wakes the panel -> RED (77 check(s) failed)
1150	C121 the mark is drawn at the STATUS text origin (through rows 0-2)	yes	ok   C121 the mark is drawn at the STATUS text origin (through rows 0-2) -> RED (1 check(s) failed)
1156	C122 the mark slot is drawn with a STRIP glyph (right place, wrong bytes)	yes	ok   C122 the mark slot is drawn with a STRIP glyph (right place, wrong bytes) -> RED (1 check(s) failed)
1163	C123 S6's swap is HALF DONE: the placeholder rect is still drawn behind the artwork	yes	ok   C123 S6's swap is HALF DONE: the placeholder rect is still drawn behind the artwork -> RED (1 check(s) failed)
1168	C124 the leftover placeholder drifts into the chrome (every screen shows an empty reserved box)	yes	ok   C124 the leftover placeholder drifts into the chrome (every screen shows an empty reserved box) -> RED (4 check(s) failed)
1178	C125 the duty gauge's slot is moved (the amendment's frozen x redefined)	yes	ok   C125 the duty gauge's slot is moved (the amendment's frozen x redefined) -> RED (18 check(s) failed)
1182	C126 a node with no duty limit draws the EMPTY gauge (no limit collapsed into 0 % used)	yes	ok   C126 a node with no duty limit draws the EMPTY gauge (no limit collapsed into 0 % used) -> RED (5 check(s) failed)
1186	C127 the duty-BLOCKED state loses its warning mark (100 % looks like 99 %)	yes	ok   C127 the duty-BLOCKED state loses its warning mark (100 % looks like 99 %) -> RED (3 check(s) failed)
1190	C128 every fill level draws the same picture (the bucket's level ignored)	yes	ok   C128 every fill level draws the same picture (the bucket's level ignored) -> RED (11 check(s) failed)
1194	C129 the gauge is read live from the node instead of the frozen bucket	yes	ok   C129 the gauge is read live from the node instead of the frozen bucket -> RED (2 check(s) failed)
1198	C130 the utilization is never published (the gauge is empty at every percentage)	yes	ok   C130 the utilization is never published (the gauge is empty at every percentage) -> RED (14 check(s) failed)
1200	C131 the duty limit is published as always-on (an unlimited node claims a utilization)	yes	ok   C131 the duty limit is published as always-on (an unlimited node claims a utilization) -> RED (5 check(s) failed)
1206	C132 the gauge is driven by the five-minute anti-spam budget, not duty_status()	yes	ok   C132 the gauge is driven by the five-minute anti-spam budget, not duty_status() -> RED (13 check(s) failed)
1213	C133 the home slot keeps its superseded x (the re-anchoring only half done)	yes	ok   C133 the home slot keeps its superseded x (the re-anchoring only half done) -> RED (4 check(s) failed)
1224	C134 an ARMED alarm is not treated as busy (the fire has not happened yet)	yes	ok   C134 an ARMED alarm is not treated as busy (the fire has not happened yet) -> RED (1 check(s) failed)
1227	C135 a FIRING alarm is not treated as busy (the attempt series is editable mid-flight)	yes	ok   C135 a FIRING alarm is not treated as busy (the attempt series is editable mid-flight) -> RED (5 check(s) failed)
1232	C136 an IDLE node answers busy (every preset verb dead with no alarm at all)	yes	ok   C136 an IDLE node answers busy (every preset verb dead with no alarm at all) -> RED (32 check(s) failed)
1244	C137 the catalog is never published into the frame (every compose list is empty on the device)	yes	ok   C137 the catalog is never published into the frame (every compose list is empty on the device) -> RED (47 check(s) failed)
1249	C138 the DM compose renders the CHANNEL list (the two projections crossed)	yes	ok   C138 the DM compose renders the CHANNEL list (the two projections crossed) -> RED (13 check(s) failed)
1255	C139 the row is composed here as %c%s (the location column dropped)	yes	ok   C139 the row is composed here as %c%s (the location column dropped) -> RED (15 check(s) failed)
1259	C140 the zero-enabled empty state is bypassed (no note is ever placed)	yes	ok   C140 the zero-enabled empty state is bypassed (no note is ever placed) -> RED (1 check(s) failed)
1264	C141 the stale-generation refusal renders the generic failure lines instead of PRESET CHANGED	yes	ok   C141 the stale-generation refusal renders the generic failure lines instead of PRESET CHANGED -> RED (1 check(s) failed)
1280	B241a the pre-fix label_from_hash restored: a cached name is copied with NO terminator	yes	ok   B241a the pre-fix label_from_hash restored: a cached name is copied with NO terminator -> RED (42 check(s) failed)
1284	B241b the tempting wrong repair: the full capacity is passed and only out[cap - 1] is terminated	yes	ok   B241b the tempting wrong repair: the full capacity is passed and only out[cap - 1] is terminated -> RED (40 check(s) failed)
1294	W4a-S1 the TEAM label is formatted at 14 cells, so the row clips it silently (no marker)	yes	ok   W4a-S1 the TEAM label is formatted at 14 cells, so the row clips it silently (no marker) -> RED (17 check(s) failed)
1300	W4a-S2 the label adapter copies RAW name bytes, skipping ui_display_byte (high bytes reach the panel)	yes	ok   W4a-S2 the label adapter copies RAW name bytes, skipping ui_display_byte (high bytes reach the panel) -> RED (5 check(s) failed)
1305	W4a-S3 the DELIVERED row is formatted at the header's 15 cells instead of its own 19	yes	ok   W4a-S3 the DELIVERED row is formatted at the header's 15 cells instead of its own 19 -> RED (1 check(s) failed)
1311	W4a-S4 the REPLY sender is re-sanitized after formatting, so the marker becomes a dot	yes	ok   W4a-S4 the REPLY sender is re-sanitized after formatting, so the marker becomes a dot -> RED (1 check(s) failed)
1322	W3-D1 the detail modal's second body row repeats the first row's slice	yes	ok   W3-D1 the detail modal's second body row repeats the first row's slice -> RED (20 check(s) failed)
1327	W3-D2 every detail body row is clipped to 18 columns (a lost final byte)	yes	ok   W3-D2 every detail body row is clipped to 18 columns (a lost final byte) -> RED (17 check(s) failed)
1332	W3-C1 the compose row keeps only 16 text columns (a 17-byte phrase is clipped)	yes	ok   W3-C1 the compose row keeps only 16 text columns (a 17-byte phrase is clipped) -> RED (8 check(s) failed)
1337	W3-C2 the compose location marker is inverted (L and - swapped)	yes	ok   W3-C2 the compose location marker is inverted (L and - swapped) -> RED (15 check(s) failed)
1342	W3-U1 CFG UNAVAILABLE is drawn on body row 1 instead of row 2	yes	ok   W3-U1 CFG UNAVAILABLE is drawn on body row 1 instead of row 2 -> RED (2 check(s) failed)
1356	L1 the result's headline is dropped (the verdict never shows)	yes	ok   L1 the result's headline is dropped (the verdict never shows) -> RED (20 check(s) failed)
1360	L2 the id and fingerprint rows are swapped	yes	ok   L2 the id and fingerprint rows are swapped -> RED (5 check(s) failed)
1366	L3 the fingerprint row is dropped (only the full id is drawn)	yes	ok   L3 the fingerprint row is dropped (only the full id is drawn) -> RED (3 check(s) failed)
1371	L4 the REPLACES warning is composed unconditionally	yes	ok   L4 the REPLACES warning is composed unconditionally -> RED (1 check(s) failed)
1375	L5 the REPLACES warning is never drawn (§3.6.3 not applied)	yes	ok   L5 the REPLACES warning is never drawn (§3.6.3 not applied) -> RED (1 check(s) failed)
1379	L6 the refusal detail row is dropped (a verdict with no reason)	yes	ok   L6 the refusal detail row is dropped (a verdict with no reason) -> RED (8 check(s) failed)
1384	L7 the confirm and result arms are crossed (the wrong screen)	yes	ok   L7 the confirm and result arms are crossed (the wrong screen) -> RED (44 check(s) failed)
1391	L8 the model is never given the provisioning adapter	yes	ok   L8 the model is never given the provisioning adapter -> RED (153 check(s) failed)
1395	L9 the CREATE child is published as absent on a build that has it	yes	ok   L9 the CREATE child is published as absent on a build that has it -> RED (148 check(s) failed)
1404	L10 the parent row is hidden on a build that HAS a child	yes	ok   L10 the parent row is hidden on a build that HAS a child -> RED (323 check(s) failed)
1416	L11 the slot label is drawn from the ROW INDEX instead of the slot number (§B66)	yes	ok   L11 the slot label is drawn from the ROW INDEX instead of the slot number (§B66) -> RED (1 check(s) failed)
1418	L12 the store-state note is never drawn (an unreadable store looks like an empty list)	yes	ok   L12 the store-state note is never drawn (an unreadable store looks like an empty list) -> RED (1 check(s) failed)
1420	L13 the note is drawn but the list is not moved down (the rows collide with it)	yes	ok   L13 the note is drawn but the list is not moved down (the rows collide with it) -> RED (1 check(s) failed)
1423	L14 the confirmation shows only the label — design §3.6.3's COMPLETE values are dropped	yes	ok   L14 the confirmation shows only the label — design §3.6.3's COMPLETE values are dropped -> RED (1 check(s) failed)
1425	L15 the confirmation always renders SLOT 1 (the pick is ignored)	yes	ok   L15 the confirmation always renders SLOT 1 (the pick is ignored) -> RED (1 check(s) failed)
1428	L16 the waiting screen says JOINED before any correlated adopt (plan §2.3 rule 1)	yes	ok   L16 the waiting screen says JOINED before any correlated adopt (plan §2.3 rule 1) -> RED (8 check(s) failed)
1430	L17 the RESULT never shows the adopted node id (the one thing §2.3 rule 2 requires)	yes	ok   L17 the RESULT never shows the adopted node id (the one thing §2.3 rule 2 requires) -> RED (1 check(s) failed)
1432	L18 ★★ the correlation is fed the PUSH's OWN id, so term 4 becomes a tautology	yes	ok   L18 ★★ the correlation is fed the PUSH's OWN id, so term 4 becomes a tautology -> RED (7 check(s) failed)
1436	L19 the session guard is dropped (a /mrcfg read on every inbound push)	yes	ok   L19 the session guard is dropped (a /mrcfg read on every inbound push) -> RED (1 check(s) failed)
1438	L20 the push tap is never called, so no adopt can ever complete the screen	yes	ok   L20 the push tap is never called, so no adopt can ever complete the screen -> RED (4 check(s) failed)
1445	L21 ★★ the waiting head is hard-wired to false, so STILL JOINING can never appear	yes	ok   L21 ★★ the waiting head is hard-wired to false, so STILL JOINING can never appear -> RED (1 check(s) failed)
1450	L22 the kind prefilter is dropped (every push pays a /mrcfg read again)	yes	ok   L22 the kind prefilter is dropped (every push pays a /mrcfg read again) -> RED (1 check(s) failed)
1461	N1 the projection is never published (an audible team reads as an empty band)	yes	ok   N1 the projection is never published (an audible team reads as an empty band) -> RED (96 check(s) failed)
1463	N2 the age is published as the raw ARRIVAL STAMP instead of the elapsed time (every row reads old)	yes	ok   N2 the age is published as the raw ARRIVAL STAMP instead of the elapsed time (every row reads old) -> RED (5 check(s) failed)
1465	N3 the ring is walked BACKWARDS (strongest/newest first) — the ruled first-observed order is gone	yes	ok   N3 the ring is walked BACKWARDS (strongest/newest first) — the ruled first-observed order is gone -> RED (65 check(s) failed)
1474	N4 the advertiser NODE NAME is resolved into the row and drawn as the TEAM (R-13 rule 1)	yes	ok   N4 the advertiser NODE NAME is resolved into the row and drawn as the TEAM (R-13 rule 1) -> RED (8 check(s) failed)
1479	N9 the TEAM ID is treated as a peer key hash and drawn through the name resolver (a third hash spelling)	yes	ok   N9 the TEAM ID is treated as a peer key hash and drawn through the name resolver (a third hash spelling) -> RED (8 check(s) failed)
1484	N10 the scan pings each observed team to refresh it (a read-only scan that transmits)	yes	ok   N10 the scan pings each observed team to refresh it (a read-only scan that transmits) -> RED (299 check(s) failed)
1486	N5 the scan draws the LIVE snapshot array instead of the model FROZEN copy (R-10, and the own-team row returns)	yes	ok   N5 the scan draws the LIVE snapshot array instead of the model FROZEN copy (R-10, and the own-team row returns) -> RED (66 check(s) failed)
1488	N6 F-1's honest second line is never drawn (the panel claims a general PHY scan)	yes	ok   N6 F-1's honest second line is never drawn (the panel claims a general PHY scan) -> RED (1 check(s) failed)
1490	N7 the empty note is drawn but the list is not moved down (the note and BACK collide)	yes	ok   N7 the empty note is drawn but the list is not moved down (the note and BACK collide) -> RED (1 check(s) failed)
1492	N8 the JOIN TEAM child is published as absent on a build that has it	yes	ok   N8 the JOIN TEAM child is published as absent on a build that has it -> RED (105 check(s) failed)
1507	N11 the join confirmation is drawn with the CREATE title	yes	ok   N11 the join confirmation is drawn with the CREATE title -> RED (1 check(s) failed)
1509	N13 the confirmation names the team we are LEAVING, not the selected one	yes	ok   N13 the confirmation names the team we are LEAVING, not the selected one -> RED (2 check(s) failed)
1511	N12 the confirmation re-spells its actions with the CREATE pair (S-9 not called)	yes	ok   N12 the confirmation re-spells its actions with the CREATE pair (S-9 not called) -> RED (2 check(s) failed)
1513	N14 the confirmation opens with JOIN marked instead of BACK (P-13 inverted)	yes	ok   N14 the confirmation opens with JOIN marked instead of BACK (P-13 inverted) -> RED (2 check(s) failed)
1518	N15 the result screen never learned about team_joined (no id, no fingerprint)	yes	ok   N15 the result screen never learned about team_joined (no id, no fingerprint) -> RED (2 check(s) failed)
1525	N16 the join result adds a KEYLESS row of its own (S-33, straight into the renderer)	yes	ok   N16 the join result adds a KEYLESS row of its own (S-33, straight into the renderer) -> RED (1 check(s) failed)
1538	K5a the offer draws USE SAVED KEY on the BACK row too (the safe word gone from the safe arm)	yes	ok   K5a the offer draws USE SAVED KEY on the BACK row too (the safe word gone from the safe arm) -> RED (2 check(s) failed)
1543	K5b the offer draws no team identity at all (which team is this key for?)	yes	ok   K5b the offer draws no team identity at all (which team is this key for?) -> RED (1 check(s) failed)
1547	K5c the offer is drawn with the CREATE title instead of S-28	yes	ok   K5c the offer is drawn with the CREATE title instead of S-28 -> RED (2 check(s) failed)
1563	O1 the window draws a FROZEN list instead of the live members (no local refresh, F-14)	yes	ok   O1 the window draws a FROZEN list instead of the live members (no local refresh, F-14) -> RED (8 check(s) failed)
1569	O2 the window heads itself with the TEAM label instead of its fingerprint (F-3 / S-36)	yes	ok   O2 the window heads itself with the TEAM label instead of its fingerprint (F-3 / S-36) -> RED (1 check(s) failed)
1573	O3 every candidate row is drawn UNMARKED — the cursor is invisible on the one list that grants a key	yes	ok   O3 every candidate row is drawn UNMARKED — the cursor is invisible on the one list that grants a key -> RED (2 check(s) failed)
1575	O4 the note row is drawn but the list is not moved down (the note and the first candidate collide)	yes	ok   O4 the note row is drawn but the list is not moved down (the note and the first candidate collide) -> RED (9 check(s) failed)
1577	O5 the confirmation is drawn with the six-column selection aid instead of the FULL hash (P-7c)	yes	ok   O5 the confirmation is drawn with the six-column selection aid instead of the FULL hash (P-7c) -> RED (3 check(s) failed)
1586	O7 the INVITE child is published as absent on a build and a node that have it	yes	ok   O7 the INVITE child is published as absent on a build and a node that have it -> RED (120 check(s) failed)
1600	O8 the unnamed member's name field is filled from the formatter's HASH branch — a third hash spelling (F-15)	yes	ok   O8 the unnamed member's name field is filled from the formatter's HASH branch — a third hash spelling (F-15) -> RED (2 check(s) failed)
1607	W4a-S5 the invite carrier is formatted at the row's six cells, so NEW MEMBER loses the 14-cell name	yes	ok   W4a-S5 the invite carrier is formatted at the row's six cells, so NEW MEMBER loses the 14-cell name -> RED (4 check(s) failed)
1613	W4a-S6 the candidate row is handed the unprojected carrier, so it clips a long name silently (no marker)	yes	ok   W4a-S6 the candidate row is handed the unprojected carrier, so it clips a long name silently (no marker) -> RED (2 check(s) failed)
1615	O9 the confirmation re-reads the row under the cursor instead of the FROZEN selection (F-14 / P-7d)	yes	ok   O9 the confirmation re-reads the row under the cursor instead of the FROZEN selection (F-14 / P-7d) -> RED (1 check(s) failed)
1620	O9b B249's announcement forward calls team-DAD instead of the existing triggered scheduler	yes	ok   O9b B249's announcement forward calls team-DAD instead of the existing triggered scheduler -> RED (106 check(s) failed)
1628	O10 ★★ the reqpubkey device forward DROPS the real executor call (the panel waits after airing nothing)	yes	ok   O10 ★★ the reqpubkey device forward DROPS the real executor call (the panel waits after airing nothing) -> RED (144 check(s) failed)
1630	O11 ★★ the peer_key_cached push is never forwarded to the invite model (WAITING can never complete)	yes	ok   O11 ★★ the peer_key_cached push is never forwarded to the invite model (WAITING can never complete) -> RED (2 check(s) failed)
1632	O12 NEED PUBKEY is rendered as WAITING before the operator has authorised a request	yes	ok   O12 NEED PUBKEY is rendered as WAITING before the operator has authorised a request -> RED (3 check(s) failed)
1634	O13 the waiting screen prints the forbidden ambiguous words WAITING FOR KEY (S-34)	yes	ok   O13 the waiting screen prints the forbidden ambiguous words WAITING FOR KEY (S-34) -> RED (3 check(s) failed)
1636	O14 the NEED PUBKEY renderer marks REQUEST instead of the model default BACK	yes	ok   O14 the NEED PUBKEY renderer marks REQUEST instead of the model default BACK -> RED (3 check(s) failed)
1638	O15 the grant-ready renderer marks GRANT KEY instead of the model default REJECT	yes	ok   O15 the grant-ready renderer marks GRANT KEY instead of the model default REJECT -> RED (2 check(s) failed)
1644	O16 ★★ the forward INVENTS the outcome code instead of reporting the executor's (a refusal reads as queued)	yes	ok   O16 ★★ the forward INVENTS the outcome code instead of reporting the executor's (a refusal reads as queued) -> RED (143 check(s) failed)
1664	O17 the verdict screen draws a FIXED word instead of the outcome's own (S-24 collapsed at the renderer)	yes	ok   O17 the verdict screen draws a FIXED word instead of the outcome's own (S-24 collapsed at the renderer) -> RED (16 check(s) failed)
1666	O18 the verdict draws the DISCARDED window selection instead of the verdict's own identity (P-7c)	yes	ok   O18 the verdict draws the DISCARDED window selection instead of the verdict's own identity (P-7c) -> RED (17 check(s) failed)
1668	O19 ★★ the device forward PICKS ITS OWN PLANE instead of passing the pure unit's (delegated made reachable)	yes	ok   O19 ★★ the device forward PICKS ITS OWN PLANE instead of passing the pure unit's (delegated made reachable) -> RED (13 check(s) failed)
1670	O20 the confirmation shows the NAME in place of the full hash once one is cached (P-7c)	yes	ok   O20 the confirmation shows the NAME in place of the full hash once one is cached (P-7c) -> RED (5 check(s) failed)
1672	O21 ★★ the grant forward SWALLOWS the origination handle — nothing can ever correlate	yes	ok   O21 ★★ the grant forward SWALLOWS the origination handle — nothing can ever correlate -> RED (3 check(s) failed)
1674	O23 ★★ the grant forward SWALLOWS the SEND-TIME resolved dst — the TxDone edge can never match (N6b)	yes	ok   O23 ★★ the grant forward SWALLOWS the SEND-TIME resolved dst — the TxDone edge can never match (N6b) -> RED (3 check(s) failed)
1681	O22 ★★ the verdict screen adds a JOIN COMPLETE row of its own (S-32, straight into the renderer)	yes	ok   O22 ★★ the verdict screen adds a JOIN COMPLETE row of its own (S-32, straight into the renderer) -> RED (11 check(s) failed)
1689	K1 ★★★ the team_key_received case is dropped from mr_ui_on_push (the receipt never reaches the note)	yes	ok   K1 ★★★ the team_key_received case is dropped from mr_ui_on_push (the receipt never reaches the note) -> RED (50 check(s) failed)
1694	K2 ★★ the grant receipt's name= is drawn as a row of its own (F-3/P-5, S-36's forbidden usage)	yes	ok   K2 ★★ the grant receipt's name= is drawn as a row of its own (F-3/P-5, S-36's forbidden usage) -> RED (1 check(s) failed)
1705	K3 ★★★ the failed-save door renders the SUCCESS verdict (a RAM-only key reads as RECEIVED)	yes	ok   K3 ★★★ the failed-save door renders the SUCCESS verdict (a RAM-only key reads as RECEIVED) -> RED (28 check(s) failed)
1707	K4 ★★★ the failed-save door does nothing at all ([[B243]] restored from the new end)	yes	ok   K4 ★★★ the failed-save door does nothing at all ([[B243]] restored from the new end) -> RED (24 check(s) failed)
1722	K5 ★★ the fifth child is never published, so SAVED KEYS is unreachable from the panel	yes	ok   K5 ★★ the fifth child is never published, so SAVED KEYS is unreachable from the panel -> RED (38 check(s) failed)
1724	K6 ★★★ the ACTIVE marker is drawn on EVERY row — the protected record is indistinguishable (S-44 collapsed)	yes	ok   K6 ★★★ the ACTIVE marker is drawn on EVERY row — the protected record is indistinguishable (S-44 collapsed) -> RED (4 check(s) failed)
1726	K7 ★★★★ the IRREVERSIBLE confirmation draws the six-hex FINGERPRINT instead of the FULL id — a short-token collision can then name the wrong record on the one screen that destroys one	yes	ok   K7 ★★★★ the IRREVERSIBLE confirmation draws the six-hex FINGERPRINT instead of the FULL id — a short-token collision can then name the wrong record on the one screen that destroys one -> RED (1 check(s) failed)
1728	K8 ★★★★ the PROTECTED screen grows the destructive action row — the panel offers FORGET KEY for the ACTIVE key	yes	ok   K8 ★★★★ the PROTECTED screen grows the destructive action row — the panel offers FORGET KEY for the ACTIVE key -> RED (1 check(s) failed)
1730	K9 ★★★ the removal's verdict screen draws a FIXED word instead of the outcome's own — a failed removal reads as KEY FORGOTTEN	yes	ok   K9 ★★★ the removal's verdict screen draws a FIXED word instead of the outcome's own — a failed removal reads as KEY FORGOTTEN -> RED (2 check(s) failed)
1732	K10 ★★★ the retention list is drawn WITHOUT its store-state note, so an unreadable keyring reads as an empty one	yes	ok   K10 ★★★ the retention list is drawn WITHOUT its store-state note, so an unreadable keyring reads as an empty one -> RED (2 check(s) failed)
1749	R1 ★★★ the act sub-view's LENGTH comes from the canned table again, so the optional row pushes the way out off the panel (§B66)	yes	ok   R1 ★★★ the act sub-view's LENGTH comes from the canned table again, so the optional row pushes the way out off the panel (§B66) -> RED (5 check(s) failed)
1756	R2 ★★★ the row TEXT is resolved without the act, so the grant row renders as a second way out	yes	ok   R2 ★★★ the row TEXT is resolved without the act, so the grant row renders as a second way out -> RED (4 check(s) failed)
1761	R3 ★★★★ the act's row is drawn on EVERY DM sub-view, ignoring the model's offer (the four vetoes bypassed)	yes	ok   R3 ★★★★ the act's row is drawn on EVERY DM sub-view, ignoring the model's offer (the four vetoes bypassed) -> RED (12 check(s) failed)
1766	R4 ★★★ our own stable identity is never published, so the SELF veto can never fire	yes	ok   R4 ★★★ our own stable identity is never published, so the SELF veto can never fire -> RED (1 check(s) failed)
1773	W3-N1 the settings note is drawn on body row 3 instead of row 4	yes	ok   W3-N1 the settings note is drawn on body row 3 instead of row 4 -> RED (3 check(s) failed)
