path	line	case
test/test_firmware_ui_chrome.cpp	56	chrome-icons: the byte-order contract is ROW-MAJOR, LSB-FIRST, rows padded to whole bytes
test/test_firmware_ui_chrome.cpp	96	chrome-icons: the stride rule is DERIVED and the battery is the one 2-byte-per-row asset
test/test_firmware_ui_chrome.cpp	110	chrome-icons: every glyph is 7 px high, and the four SETTINGS badge variants are DISTINCT
test/test_firmware_ui_chrome.cpp	143	chrome-icons: the 24x24 MeshRoute mark decodes to the final logo_3 artwork, stride 3
test/test_firmware_ui_chrome.cpp	195	chrome-mail: 0 / 1 / 99 exact, 100 -> 99+, and a SUM that crosses the boundary
test/test_firmware_ui_chrome.cpp	219	chrome-home: the compact age at EVERY boundary, in BOTH directions
test/test_firmware_ui_chrome.cpp	254	chrome-home: an age ABOVE UINT32_MAX ms does not wrap to a recent value
test/test_firmware_ui_chrome.cpp	291	chrome-home: all four link states map to their own icon, and a non-mobile build is BLANK
test/test_firmware_ui_chrome.cpp	323	chrome-team: NO TEAM is not a team with zero teammates, and the key slot follows the same split
test/test_firmware_ui_chrome.cpp	355	chrome-team: 9 is exact, 10 renders 9+, and the value is team_TOTAL not team_shown
test/test_firmware_ui_chrome.cpp	384	chrome-batt: unavailable renders --, and the voltage TRUNCATES to one decimal
test/test_firmware_ui_chrome.cpp	457	chrome-duty: N is DERIVED from the gauge's drawable rows — the artwork and the enum cannot drift
test/test_firmware_ui_chrome.cpp	508	chrome-duty: every percentage maps to its step, at boundaries stated INDEPENDENTLY of the map
test/test_firmware_ui_chrome.cpp	532	chrome-duty: DISABLED wins over any pct, and 100 % is BLOCKED — never the full gauge
test/test_firmware_ui_chrome.cpp	571	chrome-fingerprint: §7's definition verbatim — UPPERCASE, ZERO-PADDED hex of the LOW 24 BITS
test/test_firmware_ui_chrome.cpp	605	chrome-fingerprint: the MASK IS the definition — the top byte is invisible, all 24 low bits are not
test/test_firmware_ui_chrome.cpp	638	chrome-fingerprint: the WHOLE destination is defined, per the chrome formatters' padding rule
test/test_firmware_ui_chrome.cpp	660	chrome-teamid: the FULL id is the console's own spelling — `0x` + EIGHT uppercase hex, zero-padded
test/test_firmware_ui_chrome.cpp	694	chrome-replaces: the confirmation's warning line — and a TEAMLESS node is NOT warned about a replacement
test/test_firmware_ui_chrome.cpp	719	chrome-badge: conflict > unsaved > restart-required > clean, including the two overlapping pairs
test/test_firmware_ui_chrome.cpp	748	chrome-nav: an ORDINARY screen selects its own slot
test/test_firmware_ui_chrome.cpp	765	chrome-nav: the rail describes the BODY, not the screen underneath it
test/test_firmware_ui_chrome.cpp	810	chrome-nav: PRECEDENCE — compose OUTRANKS the inbox detail, because the RENDERER draws it that way
test/test_firmware_ui_chrome.cpp	837	chrome-nav: a REAL outcome landing on a live compose modal leaves the rail on SEND
test/test_firmware_ui_chrome.cpp	870	chrome-nav: EMERGENCY suppresses the rail and selects NO slot, from every screen and every modal
test/test_firmware_ui_chrome.cpp	899	chrome-nav: the rail's enumerator order IS §3.2's slot order, which the renderer indexes by
test/test_firmware_ui_chrome.cpp	915	chrome-nav: a NON-TEAM build exposes no TEAM and no SEND slot
test/test_firmware_ui_chrome.cpp	946	chrome-nav: the mapping tracks the LIVE model, not a renderer-local cursor
test/test_firmware_ui_chrome.cpp	965	chrome-equality: visible chrome equality changes ONLY when the rendered output changes
test/test_firmware_ui_chrome.cpp	1051	chrome-equality: two chromes with the SAME fields and DIFFERENT padding compare EQUAL
test/test_firmware_ui_chrome.cpp	1090	chrome-equality: the age token is compared over its WHOLE capacity, with defined bytes
test/test_firmware_ui_chrome.cpp	1136	chrome-invalidate: LIT + CLEAN + a visible change ⇒ DIRTY (§8.3.1's positive half)
test/test_firmware_ui_chrome.cpp	1153	chrome-invalidate: an EQUAL chrome raises nothing — and ⛔ CLEARS nothing
test/test_firmware_ui_chrome.cpp	1168	chrome-invalidate: an INVISIBLE change raises nothing (§11.1's last rule)
test/test_firmware_ui_chrome.cpp	1186	chrome-invalidate: §CHROME-5 — the repaint follows the BUCKET, never the percentage
test/test_firmware_ui_chrome.cpp	1231	chrome-invalidate: while BLANKED it never unblanks and never clears (§8.3.1 rules 1-2)
test/test_firmware_ui_chrome.cpp	1264	chrome-invalidate: a change under an OPEN frame is RETAINED for one follow-up frame
test/test_firmware_ui_chrome.cpp	1289	chrome-projection: an untouched snapshot reports NOTHING ESTABLISHED, not plausible values
test/test_firmware_ui_geo.cpp	53	ui17-geo: the freshness bound is 600 s — 599 and 600 SHOW, 601 BLANKS
test/test_firmware_ui_geo.cpp	67	ui17-geo: `0xFFFFFFFF` is the cache's UNDATEABLE, and it blanks — ⛔ never a fresh-looking position
test/test_firmware_ui_geo.cpp	76	ui17-geo: EVERY term of the four-term rule blanks BOTH columns on its own
test/test_firmware_ui_geo.cpp	91	ui17-geo: a cache MISS is BLANK — ⛔ never `0m`, which is a real and different answer
test/test_firmware_ui_geo.cpp	104	ui17-geo: coincident points render `0m` and a BLANK direction — ⛔ NEVER `N`
test/test_firmware_ui_geo.cpp	131	ui17-geo: all EIGHT bearings are driven directly, and each draws its own lexeme
test/test_firmware_ui_geo.cpp	161	ui17-geo: the octant BOUNDARY is 22.5 degrees either side of a cardinal, and it is driven at the edge
test/test_firmware_ui_geo.cpp	184	ui17-geo: negative coordinates work in all four quadrants (the sign is never assumed)
test/test_firmware_ui_geo.cpp	210	ui17-geo: a pair straddling ±180° is NEIGHBOURS, not half a planet apart
test/test_firmware_ui_geo.cpp	228	ui17-geo: an ORDINARY longitude pair is untouched by the fold
test/test_firmware_ui_geo.cpp	237	ui17-geo: ★ INTEGER-FIRST is what makes ONE METRE visible at a HIGH coordinate
test/test_firmware_ui_geo.cpp	273	ui17-geo: ...and a 50 m walk keeps moving the token (the supporting sweep)
test/test_firmware_ui_geo.cpp	294	ui17-geo: the ruled distance table, boundary by boundary, and NEVER wider than four columns
test/test_firmware_ui_geo.cpp	321	ui17-geo: the SATURATION token is `far`, and a NaN cannot become a number
test/test_firmware_ui_geo.cpp	336	ui17-geo: the distance BUCKET agrees with the drawn token, MEASURED across every boundary
test/test_firmware_ui_geo.cpp	376	ui17-geo: the BUCKET is what the panel draws — ⛔ never the raw coordinates or the raw age
test/test_firmware_ui_geo.cpp	397	ui17-geo: the bucket and the COLUMNS answer the same question, swept together
test/test_firmware_ui_input.cpp	42	ui-input: single tap yields short_press after the double window
test/test_firmware_ui_input.cpp	49	ui-input: two taps inside the window yield double_press
test/test_firmware_ui_input.cpp	55	ui-input: hold yields long_arm then long_fire
test/test_firmware_ui_input.cpp	61	ui-input: release between arm and fire cancels and never fires
test/test_firmware_ui_input.cpp	68	ui-input: bounce shorter than debounce_ms is ignored
test/test_firmware_ui_input.cpp	73	ui-input: hold_ms reports countdown progress
test/test_firmware_ui_input.cpp	82	ui-input: positive control — a press one debounce longer than the ignored bounce DOES register
test/test_firmware_ui_input.cpp	90	ui-input: arm and fire survive the millis() wrap
test/test_firmware_ui_input.cpp	97	ui-input: hold_ms is wrap-safe and zero while released
test/test_firmware_ui_input.cpp	109	ui-input: one call never emits both long_arm and long_fire, however sparse the polling
test/test_firmware_ui_input.cpp	117	ui-input: after long_fire, holding on emits nothing and the release is silent
test/test_firmware_ui_input.cpp	126	ui-input: a fresh tap classifies normally after a completed fire
test/test_firmware_ui_input.cpp	135	ui-input: a glitch inside the double window neither doubles nor swallows the tap
test/test_firmware_ui_input.cpp	143	ui-input: three taps read as double_press then short_press
test/test_firmware_ui_input.cpp	153	ui-input: tap then hold inside the double window arms instead of doubling
test/test_firmware_ui_input.cpp	163	ui-input: a button already down at construction still debounces before arming
test/test_firmware_ui_input.cpp	180	ui-input: active() is false at rest and true from the very first pressed sample
test/test_firmware_ui_input.cpp	189	ui-input: active() spans the whole single-tap decision and clears exactly when short_press lands
test/test_firmware_ui_input.cpp	206	ui-input: active() clears on a double_press, which never enters the pending-tap window
test/test_firmware_ui_input.cpp	216	ui-input: active() holds through arm and fire, and clears once the fired press is released
test/test_firmware_ui_input.cpp	233	ui-input: active() clears on long_cancel too (armed, released before the fire)
test/test_firmware_ui_input.cpp	245	ui-input: active() is true during a sub-debounce bounce that yields no gesture at all
test/test_firmware_ui_input.cpp	255	ui-input: InputCfg is honoured — a retuned fire_ms moves the fire, not the arm
test/test_firmware_ui_invite.cpp	158	ui16-pubkey-preflight: the grant's authoritative floor is reused exactly, including pinned
test/test_firmware_ui_invite.cpp	178	ui16-reqpubkey-command: one existing typed command carries TEAM and the frozen full hash
test/test_firmware_ui_invite.cpp	199	ui16-reqpubkey-started: only a successfully started workflow enters the wait — and a LOCAL completion is one
test/test_firmware_ui_invite.cpp	248	ui16-pubkey-push: both the kind and the full candidate hash must match
test/test_firmware_ui_invite.cpp	259	ui16-window: the window is FIVE MINUTES, named once, and its derivation is pinned to the period
test/test_firmware_ui_invite.cpp	273	ui16-snap: the snapshot records EVERY id and only the AUTHORITATIVE hashes
test/test_firmware_ui_invite.cpp	326	ui16-diff: pin 2 — a member PRESENT AT SNAPSHOT is ⛔ never a candidate, however it is re-described
test/test_firmware_ui_invite.cpp	340	ui16-diff: pin 3 — a member APPEARING AFTER the snapshot is a candidate, and exactly once
test/test_firmware_ui_invite.cpp	360	ui16-diff: pin 4 — a RE-DAD'd member (same hash, NEW id) is ⛔ not a candidate [authority (a)]
test/test_firmware_ui_invite.cpp	372	ui16-diff: pin 5 — a ROUTE-ONLY member whose hash turns authoritative is ⛔ not a candidate [(b)]
test/test_firmware_ui_invite.cpp	392	ui16-diff: pin 6 — the DOUBLE-CHANGE case DOES prompt, and it is measured rather than asserted
test/test_firmware_ui_invite.cpp	413	ui16-diff: with NO snapshot nothing is a candidate — the window is not open (C2)
test/test_firmware_ui_invite.cpp	434	ui16-handled: a handled candidate leaves the list, and the set is HASH-keyed and bounded
test/test_firmware_ui_invite.cpp	476	ui16-row: pin 14 — rule 2's INITIAL state: a BLANK name column and a populated fingerprint
test/test_firmware_ui_invite.cpp	497	ui16-row: pin 15 — rule 3's UPGRADE: the name FILLS A COLUMN and the fingerprint is UNCHANGED
test/test_firmware_ui_invite.cpp	526	ui16-row: W4a — the row BOUNDS its own name column, whatever prepared name a caller hands it
test/test_firmware_ui_invite.cpp	546	ui16-row: pin 16 — the row's IDENTITY is the key_hash32, so two same-named candidates are two rows
test/test_firmware_ui_invite.cpp	575	ui16-fp: the MEMBER fingerprint is its own definition, six columns of the key_hash32
test/test_firmware_ui_invite.cpp	605	ui16-hash: pin 17 — the confirmation's identity is the FULL 0x%08lX hash, always
test/test_firmware_ui_invite.cpp	631	ui16-noident: pin 9 — no NAME-SHAPED value can reach an identity column, whatever the name is
test/test_firmware_ui_invite.cpp	650	ui16-words: every lexeme is exact, fits 19 columns, and the FORBIDDEN ones appear nowhere
test/test_firmware_ui_invite.cpp	693	ui16-grant-plane: the grant flies on Plane::TEAM, named ONCE in the pure unit
test/test_firmware_ui_invite.cpp	711	ui16-grant-arms: ALL ELEVEN outcomes map to their OWN word — and NONE of them reads the handle
test/test_firmware_ui_invite.cpp	790	ui16-grant-perform: the target is the FROZEN hash, and nothing runs without a seam
test/test_firmware_ui_invite.cpp	817	ui16-grant-correlate: KEY SENT needs a CORRELATED push — both terms, and only over a queued state
test/test_firmware_ui_invite.cpp	885	ui16-grant-idrows: the FULL hash is on the confirmation EVEN WHEN a name is cached (P-7c)
test/test_firmware_ui_invite.cpp	915	ui16-grant-idrows: W4a — a LONG or HIGH-BYTE name reaches the confirmation as its 14-cell carrier, verbatim
test/test_firmware_ui_invite.cpp	935	ui16-grant-words: no arm prints a COMPLETION word, and every one fits the 19-column body
test/test_firmware_ui_invite.cpp	982	ui16-grant-size: the verdict carrier costs 8 bytes, offsetof-proved
test/test_firmware_ui_invite.cpp	1059	ui16-grant-equiv: ONE fixture — the PREFLIGHT and the REAL grant answer identically at the floor
test/test_firmware_ui_invite.cpp	1169	ui16-grant-queuefull: a FULL TX QUEUE is an ADMISSION REFUSAL — ⛔ not GRANT QUEUED, no grant DATA queued
test/test_firmware_ui_invite.cpp	1212	ui16-grant-parkfull: a FULL PARKED RING is the same refusal — ⛔ not GRANT PARKED, and nothing is stored
test/test_firmware_ui_invite.cpp	1240	ui16-grant-parkfull-air: what a REFUSED park really puts on the air, MEASURED and PINNED
test/test_firmware_ui_invite.cpp	1291	ui16-grant-redad: a re-DAD between selection and send — the grant airs to the NEW id and PROMOTES
test/test_firmware_ui_invite.cpp	1321	ui16-grant-noroute: a send that reaches NO admission point says GRANT FAILED — ⛔ never GRANT PARKED
test/test_firmware_ui_join.cpp	95	ui15-join-corr control — the ordinary correlated adopt is ACCEPTED, so every rejection below is evidence
test/test_firmware_ui_join.cpp	106	ui15-join-corr TERM 1 — a BOOT DAD completes NOTHING: `join_adopted` fires at every boot
test/test_firmware_ui_join.cpp	119	ui15-join-corr TERM 2 — a HEAL RE-ADOPT on the record's CURRENT layer completes nothing (persisted<->persisted)
test/test_firmware_ui_join.cpp	141	ui15-join-corr TERM 3 — a push on the WRONG LEAF NIBBLE completes nothing (nibble<->nibble)
test/test_firmware_ui_join.cpp	149	ui15-join-corr TERM 4 — a FOREIGN or ZERO dst completes nothing (id<->id, and non-zero)
test/test_firmware_ui_join.cpp	163	ui15-join-corr the KIND GATE — ⛔ NO `join_refused` REASON FAILS THE SCREEN, and no other kind completes it
test/test_firmware_ui_join.cpp	188	ui15-join-corr ★★ TRAP 2 — a join above LAYER 15 correlates through the NIBBLE and COMPLETES
test/test_firmware_ui_join.cpp	215	ui15-join-store the FOUR store states are FOUR different panel texts — `io_failed` never reads as absent
test/test_firmware_ui_join.cpp	265	ui15-join-store only PRESENT slots are rows, and a non-`ok` store offers BACK and nothing else
test/test_firmware_ui_join.cpp	301	ui15-join-text the slot LABEL is the operator's name, or plan §11's `PROFILE n` default
test/test_firmware_ui_join.cpp	333	ui15-join-text the CONFIRM screen shows all four values, and 869.4625 MHz renders EXACTLY
test/test_firmware_ui_join.cpp	360	B247 a corrupt stored PHY renders one bounded invalid-profile state, never truncated raw fields
test/test_firmware_ui_join.cpp	394	B247 the exact lower and upper stored-PHY boundaries remain valid and byte-exact
test/test_firmware_ui_join.cpp	413	ui15-join-text 60 s is a WORD CHANGE — `STILL JOINING`, ⛔ never a failure, and never `JOINED`
test/test_firmware_ui_model.cpp	88	ui-model: short press is SCREEN-AWARE: one press per screen, the LIST is behind the double
test/test_firmware_ui_model.cpp	104	ui-model: an empty TEAM list is passed through, not a dead end
test/test_firmware_ui_model.cpp	110	ui-model: double on TEAM opens the DM sub-view bound to the highlighted peer
test/test_firmware_ui_model.cpp	119	ui-model: sub-view: `back` leaves without sending
test/test_firmware_ui_model.cpp	129	ui-model: sub-view: double on a message emits a DM request for the bound peer
test/test_firmware_ui_model.cpp	152	ui-model: the sub-view SURVIVES inactivity, and inactivity still sends nothing
test/test_firmware_ui_model.cpp	165	ui-model: panel blanks and the waking SHORT press is consumed
test/test_firmware_ui_model.cpp	181	ui-model: a non-team build cycles STATUS -> INBOX -> SETTINGS and never reaches TEAM or SEND
test/test_firmware_ui_model.cpp	192	ui-model: a non-team build cannot open a compose modal
test/test_firmware_ui_model.cpp	210	ui-model: double on STATUS activates nothing; on INBOX it now OPENS THE DETAIL MODAL (§UI-7D)
test/test_firmware_ui_model.cpp	235	ui-model: double on an EMPTY INBOX still activates nothing and says nothing (§UI-7D)
test/test_firmware_ui_model.cpp	250	ui-model: INBOX is list-aware too — the cursor walks its rows before the screen moves
test/test_firmware_ui_model.cpp	263	ui-model: SEND double opens the channel compose list and index 1 sends the second canned text
test/test_firmware_ui_model.cpp	290	ui-model: the channel list's last row is `back` and sends nothing
test/test_firmware_ui_model.cpp	301	ui-model: the compose cursor wraps within the list, so `back` is always reachable
test/test_firmware_ui_model.cpp	313	ui-model: the bound peer survives a roster REORDER under the open modal
test/test_firmware_ui_model.cpp	338	ui-model: B64 — a teammate that VANISHED from the roster REFUSES the activation and sends NOTHING
test/test_firmware_ui_model.cpp	358	ui-model: B64 — a tick announces the lost pick, exactly once
test/test_firmware_ui_model.cpp	378	ui-model: B64 — a roster REORDER follows the TEAMMATE, so the send goes where the user pointed
test/test_firmware_ui_model.cpp	405	ui-model: B64 — the roster resync must NOT touch an open compose modal's cursor
test/test_firmware_ui_model.cpp	426	ui-model: B64 — after a refusal the user re-picks by walking, and the next send targets that teammate
test/test_firmware_ui_model.cpp	453	ui-model: B64 — the refusal is retired before TEAM can be left, and never comes back
test/test_firmware_ui_model.cpp	476	ui-model: an empty TEAM list opens no modal on double
test/test_firmware_ui_model.cpp	485	ui-model: a send request is drained exactly once
test/test_firmware_ui_model.cpp	493	ui-model: Gesture::none is inert — it neither navigates nor refreshes the blank timer
test/test_firmware_ui_model.cpp	503	ui-model: dirty starts true, is cleared on demand, and an idle tick does not set it
test/test_firmware_ui_model.cpp	513	ui-model: the blank transition sets dirty exactly once
test/test_firmware_ui_model.cpp	527	ui-model: the modal is open on BOTH sides of the blank edge, and the blank still lands on it
test/test_firmware_ui_model.cpp	545	ui-model: a gesture inside the modal refreshes the BLANK window (the only clock it still shares)
test/test_firmware_ui_model.cpp	564	ui-model: blanking KEEPS the modal, and the consumed waking press puts it back on the panel
test/test_firmware_ui_model.cpp	581	ui-model: a DOUBLE press also only wakes a blanked panel
test/test_firmware_ui_model.cpp	592	ui-model: blanking is wrap-safe across millis() rollover
test/test_firmware_ui_model.cpp	605	ui-model: the blank is wrap-safe with a modal open, and the modal rides across the wrap
test/test_firmware_ui_model.cpp	620	ui-model: a long gesture pre-empts blank-wake; ARM queues nothing, FIRE queues one alarm
test/test_firmware_ui_model.cpp	637	ui-model: a long gesture is not swallowed by an open modal (spec 4.2 ordering)
test/test_firmware_ui_model.cpp	648	ui-model: the model's declared bounds are the ones the spec fixed
test/test_firmware_ui_model.cpp	686	ui-model: a full team roster walks every one of the eight rows, then BACK, then home
test/test_firmware_ui_model.cpp	713	ui-model: arm then cancel never emits a send
test/test_firmware_ui_model.cpp	720	ui-model: cancelled auto-returns to idle after its window
test/test_firmware_ui_model.cpp	727	ui-model: arming countdown is visible and decreases
test/test_firmware_ui_model.cpp	735	ui-model: attempts are counted on ACCEPTANCE, not on request
test/test_firmware_ui_model.cpp	746	ui-model: exactly THREE accepted transmissions, then sticky NOT HEARD
test/test_firmware_ui_model.cpp	761	ui-model: blocked computes the deadline from the OUTCOME time, not the gesture
test/test_firmware_ui_model.cpp	772	ui-model: next_ms == 0 backs off instead of spinning, and consumes no attempt
test/test_firmware_ui_model.cpp	784	ui-model: retry deadline is wrap-safe
test/test_firmware_ui_model.cpp	793	ui-model: long gestures work from inside a compose sub-view
test/test_firmware_ui_model.cpp	801	ui-model: long gestures work from a blanked panel
test/test_firmware_ui_model.cpp	810	ui-model: a matching teammate reply becomes sticky human confirmation
test/test_firmware_ui_model.cpp	820	ui-model: DM outcomes are independent of the emergency machine
test/test_firmware_ui_model.cpp	837	ui-model: B65 — a FIRST tick long after boot must not blank the panel
test/test_firmware_ui_model.cpp	848	ui-model: B65 — a gesture before the first tick still owns the blank timer
test/test_firmware_ui_model.cpp	856	ui-model: the arming countdown marks dirty only when its DIGIT changes
test/test_firmware_ui_model.cpp	869	ui-model: a firing emergency holds the panel past kBlankMs and blanks at kEmgHoldMs
test/test_firmware_ui_model.cpp	881	ui-model: PICKED UP refreshes the kEmgHoldMs hold from the outcome time
test/test_firmware_ui_model.cpp	893	ui-model: NOT HEARD and BLOCKED refresh the hold too
test/test_firmware_ui_model.cpp	915	ui-model: the emergency hold is wrap-safe
test/test_firmware_ui_model.cpp	926	ui-model: a reply during ARMING, CANCELLED, FAILED or IDLE is refused
test/test_firmware_ui_model.cpp	945	ui-model: a reply while FIRING with zero accepted attempts is refused
test/test_firmware_ui_model.cpp	954	ui-model: a reply from NOT HEARD is accepted and is sticky
test/test_firmware_ui_model.cpp	971	ui-model: reply text and sender are clamped and NUL-terminated
test/test_firmware_ui_model.cpp	987	ui-model: a channel outcome cannot start, resurrect or alter a non-live emergency
test/test_firmware_ui_model.cpp	1002	ui-model: PICKED UP is sticky against a later no-relay outcome
test/test_firmware_ui_model.cpp	1013	ui-model: the blocked backoff doubles and caps at kBlockedBackoffMaxMs, consuming no attempt
test/test_firmware_ui_model.cpp	1030	ui-model: a fresh long_fire re-arms the alarm from a sticky NOT HEARD
test/test_firmware_ui_model.cpp	1048	ui-model: cancelled returns to idle and a later arm works normally
test/test_firmware_ui_model.cpp	1059	ui-model: a queued alarm drains BEFORE a queued DM and neither is lost
test/test_firmware_ui_model.cpp	1074	ui-model: a compose send cannot overwrite a queued alarm
test/test_firmware_ui_model.cpp	1089	ui-model: the DM machine walks accepted -> waiting -> delivered
test/test_firmware_ui_model.cpp	1098	ui-model: NO CONFIRM is reachable and a LATE ack upgrades it to DELIVERED
test/test_firmware_ui_model.cpp	1107	ui-model: a DM refusal and a DM failure are terminal and distinct from no_key
test/test_firmware_ui_model.cpp	1122	ui-model: a DM outcome never touches a live emergency, in either direction
test/test_firmware_ui_model.cpp	1138	ui-model: channel_remote_mint is handled explicitly and never claims PICKED UP
test/test_firmware_ui_model.cpp	1156	ui-model: a retry deadline of 0xFFFFFFFF is a DEADLINE, not 'no deadline'
test/test_firmware_ui_model.cpp	1181	ui-model: a channel SEAL FAILURE is terminal and names its reason, never a stuck SENDING
test/test_firmware_ui_model.cpp	1196	ui-model: a channel seal failure outside a live alarm is dropped whole
test/test_firmware_ui_model.cpp	1215	ui-model: draining a DM request enters SUBMITTING, and only a DM does
test/test_firmware_ui_model.cpp	1243	ui-model: an async DM failure carries its reason instead of collapsing to 'other'
test/test_firmware_ui_model.cpp	1258	ui-model: the compact reason mapping is the three whose remedy differs, and nothing else
test/test_firmware_ui_model.cpp	1279	ui-model: a synchronous refusal clears the core reason it does not have
test/test_firmware_ui_model.cpp	1297	ui-model: a synchronous emergency REFUSAL holds the panel for a full kEmgHoldMs window
test/test_firmware_ui_model.cpp	1316	ui-model: a channel SEAL FAILURE holds the panel for a full kEmgHoldMs window too
test/test_firmware_ui_model.cpp	1338	ui-model: a DM refusal does NOT extend the emergency hold
test/test_firmware_ui_model.cpp	1350	ui-model: the UI-3 constants are the ones spec 4 fixed
test/test_firmware_ui_model.cpp	1364	ui-model: §B115 the attempt line renders the ordinal verbatim, against kEmgMaxTries
test/test_firmware_ui_model.cpp	1377	ui-model: §B115 the attempt line is DELIBERATELY not clamped to kEmgMaxTries
test/test_firmware_ui_model.cpp	1410	ui-model: B71 — a short press on PICKED UP acknowledges and restores the cycle
test/test_firmware_ui_model.cpp	1426	ui-model: B71 — NOT HEARD and FAILED are exitable too (the §B78 composition)
test/test_firmware_ui_model.cpp	1445	ui-model: B71 — a REPLY is exitable, and the exit does not resurrect it
test/test_firmware_ui_model.cpp	1459	ui-model: B71 — an IN-FLIGHT alarm does not exit (firing / arming / blocked-with-a-retry)
test/test_firmware_ui_model.cpp	1486	ui-model: B71 — from a BLANKED panel the first press only WAKES; the second acknowledges
test/test_firmware_ui_model.cpp	1503	ui-model: B71 — `double` gets NO emergency job, and `long` still re-fires
test/test_firmware_ui_model.cpp	1530	ui-model: B101 — committing an alarm CLOSES the compose modal and resets its cursor
test/test_firmware_ui_model.cpp	1579	ui-frame: F1 — an outcome arriving MID-FRAME is still painted after the frame completes
test/test_firmware_ui_model.cpp	1604	ui-frame: F1 — a mid-frame GESTURE is not swallowed by the completing frame
test/test_firmware_ui_model.cpp	1616	ui-frame: F1 — the ARMING countdown does not swallow digits across a frame
test/test_firmware_ui_model.cpp	1628	ui-frame: F1 — a BLANK does not discard an invalidation raised while the panel is dark
test/test_firmware_ui_model.cpp	1643	ui-frame: the MAC-idle gate never starts OR continues a paint mid-exchange
test/test_firmware_ui_model.cpp	1654	ui-frame: the 2 Hz throttle holds a clean repaint, and an emergency bypasses it
test/test_firmware_ui_model.cpp	1672	ui-frame: a frame spans exactly the pages the panel reports, and only then reopens
test/test_firmware_ui_model.cpp	1719	ui-model: R2 — two DOUBLES under the overlay cannot open and then SEND an invisible compose view
test/test_firmware_ui_model.cpp	1744	ui-model: R2 — a DOUBLE cannot SEND from a compose modal left open under ARMING
test/test_firmware_ui_model.cpp	1764	ui-model: R2 — the overlay absorbs a DOUBLE in every non-idle emergency state
test/test_firmware_ui_model.cpp	1796	ui-frame: R2 vs F3 — the presented-latch gates SHORT only; a DOUBLE is absorbed either way
test/test_firmware_ui_model.cpp	1842	ui7-B69: an alarm whose every attempt had NO LOCAL HANDLE reports `no_handle`, not a measurement
test/test_firmware_ui_model.cpp	1850	ui7-B69: ONE locally-heard transmission makes the measurement true, and it is STICKY
test/test_firmware_ui_model.cpp	1861	ui7-B69: a NEW alarm starts with NO evidence — it does not inherit the last one's
test/test_firmware_ui_model.cpp	1878	ui7-B69: an outcome that cannot move the alarm cannot relabel its evidence either
test/test_firmware_ui_model.cpp	1904	ui7-B69: three handle-less attempts end in NOT HEARD carrying `no_handle`
test/test_firmware_ui_model.cpp	1921	ui7-chan: a refused canned post is TERMINAL, not a permanent SENDING...
test/test_firmware_ui_model.cpp	1936	ui7-chan: a DM outcome offered to the canned entry point is REFUSED, not absorbed
test/test_firmware_ui_model.cpp	1956	ui7-result: a send switches the sub-view to its RESULT phase instead of closing it
test/test_firmware_ui_model.cpp	1967	ui7-result: NEITHER gesture can queue a second send from the result phase
test/test_firmware_ui_model.cpp	1976	ui7-result: either press acknowledges and returns to the PARENT screen
test/test_firmware_ui_model.cpp	1996	ui7-result: the result phase RIDES the blank, and the acknowledgement is what clears it
test/test_firmware_ui_model.cpp	2018	ui7-result: §B101's alarm close-out clears the result phase too
test/test_firmware_ui_model.cpp	2040	ui7-inbox: a chatty channel CANNOT evict the DM rows — the budget is PER KIND
test/test_firmware_ui_model.cpp	2056	ui7-inbox: within a kind the NEWEST rows win, because pull() hands them oldest-first
test/test_firmware_ui_model.cpp	2074	ui7-inbox B231: within each block the NEWEST row is at the TOP, and the BLOCK order is untouched
test/test_firmware_ui_model.cpp	2091	ui7-inbox B231: one row, and an empty block, publish exactly what they hold
test/test_firmware_ui_model.cpp	2111	ui7-inbox: truncation is VISIBLE — total is what was ADMITTED, not what fitted
test/test_firmware_ui_model.cpp	2119	ui7-inbox: reset() really empties it, so a frame cannot inherit the previous pull's rows
test/test_firmware_ui_model.cpp	2133	ui7-B66: `back, don't send` is the derived LAST row of every compose list, at every catalog size
test/test_firmware_ui_model.cpp	2202	ui7d-identity: a refresh that MOVES the rows keeps the highlight on the same (kind, seq)
test/test_firmware_ui_model.cpp	2222	ui7d-identity: a DM and a channel record SHARING a seq do not cross-select
test/test_firmware_ui_model.cpp	2246	ui7d-identity: a double press with no tick in between still leaves the highlight on what it opened
test/test_firmware_ui_model.cpp	2262	ui7d-identity: a VANISHED record refuses activation with MESSAGE GONE and touches no other row
test/test_firmware_ui_model.cpp	2290	ui7d-identity: the loss is announced ONCE — a second tick does not re-dirty the frame
test/test_firmware_ui_model.cpp	2301	ui7d-identity: a row with seq 0 is NOT selectable — an unidentifiable row is refused, never guessed at
test/test_firmware_ui_model.cpp	2313	ui7d-identity: a CROSSED open answer opens nothing
test/test_firmware_ui_model.cpp	2327	ui7d-identity: the ERASE target is the modal's own record, even after the rows move underneath it
test/test_firmware_ui_model.cpp	2358	ui7d-modal: the geometry is DERIVED — 38 chars a page, seven pages for the largest body, 2 s a page
test/test_firmware_ui_model.cpp	2375	ui7d-modal: pages = max(1, ceil(body_len / 38)) at every boundary, and NEVER zero
test/test_firmware_ui_model.cpp	2393	ui7d-modal: an EMPTY body (body == nullptr) is one page of nothing, not a refusal
test/test_firmware_ui_model.cpp	2404	ui7d-modal: a non-null body with body_len 0 still yields no bytes (the LENGTH is the truth)
test/test_firmware_ui_model.cpp	2414	ui7d-modal: the body is WRAPPED into two 19-column rows without dropping a byte
test/test_firmware_ui_model.cpp	2439	w3-pager: the (19, 2) geometry IS the detail modal — every page of every boundary body agrees
test/test_firmware_ui_model.cpp	2458	w3-pager: (19, 2) counts and slices — full, partial and empty rows, one NUL each, the tail untouched
test/test_firmware_ui_model.cpp	2501	w3-pager: a THREE-row geometry pages by 57 and fills three rows
test/test_firmware_ui_model.cpp	2523	w3-pager: small geometries — lengths 0, 1, exact multiples, +1 and the maximum, with no truncation
test/test_firmware_ui_model.cpp	2564	ui7d-modal: unsupported display bytes are replaced VISIBLY — NUL, control and high-bit alike
test/test_firmware_ui_model.cpp	2608	w4a-ident: every byte is ONE cell — ASCII as-is, DEL, C0 controls, NUL and every high byte as `.`
test/test_firmware_ui_model.cpp	2628	w4a-ident: lengths — exactly the budget stays whole, one more abbreviates VISIBLY, 32 bytes too
test/test_firmware_ui_model.cpp	2651	w4a-ident: a raw 0xBB in a NAME is `.`; only the GENERATED marker is 0xBB
test/test_firmware_ui_model.cpp	2664	w4a-ident: PROVENANCE — a stored name that looks like a hash is a NAME; a true unnamed hash is a hash
test/test_firmware_ui_model.cpp	2678	w4a-ident: the unnamed boundaries — fingerprint at 6 and 9, full hash from 10, NOTHING under 6
test/test_firmware_ui_model.cpp	2692	w4a-ident: NAMED small budgets — 0 is no_fit, 1..5 follow the ordinary rule (a marker alone at 1)
test/test_firmware_ui_model.cpp	2703	w4a-ident: CAPACITY — 0 writes nothing, a short capacity writes only the NUL, never a partial result
test/test_firmware_ui_model.cpp	2719	w4a-ident: NO name and NO hash is `none` and empty — ⛔ never a fabricated 0x00000000
test/test_firmware_ui_model.cpp	2727	w4a-ident: the name-only TWO-PASS rule — full name at 6 == the 14-cell carrier re-formatted at 6
test/test_firmware_ui_model.cpp	2765	w4a-ident: a PREFORMATTED sender with its marker is copied through on_reply UNCHANGED (no re-sanitize)
test/test_firmware_ui_model.cpp	2779	ui7d-modal: a long body advances every 2 s and CYCLES, marking dirty each time
test/test_firmware_ui_model.cpp	2799	ui7d-modal: a ONE-page body never advances, so a short body cannot flicker
test/test_firmware_ui_model.cpp	2818	ui7d-modal: paging does NOT postpone the deadline — the panel blanks on time, modal RETAINED
test/test_firmware_ui_model.cpp	2841	ui7d-modal: an armed `delete` survives the blank and STILL asks storage for nothing
test/test_firmware_ui_model.cpp	2857	ui7d-gesture: `back` is selected on entry, so deletion costs the deliberate short -> double
test/test_firmware_ui_model.cpp	2868	ui7d-gesture: a `double` on `back` closes the modal and requests NOTHING of storage
test/test_firmware_ui_model.cpp	2880	ui7d-gesture: an immediate `double` cannot delete — the FIRST double is what opened the modal
test/test_firmware_ui_model.cpp	2891	ui7d-delete: `erased` closes the modal and preserves the NEIGHBOURING selection
test/test_firmware_ui_model.cpp	2916	ui7d-delete: deleting the LAST row falls back to the row BEFORE it
test/test_firmware_ui_model.cpp	2933	ui7d-delete: deleting the ONLY row leaves the cursor at home rather than past the end
test/test_firmware_ui_model.cpp	2946	ui7d-delete: `not_found` is TERMINAL, has NO active Delete, and returns to the list on either press
test/test_firmware_ui_model.cpp	2973	ui7d-delete: `io_error` STAYS in the modal, says DELETE FAILED, and resets the selection to `back`
test/test_firmware_ui_model.cpp	2993	ui7d-delete: after DELETE FAILED a fresh short -> double DOES retry, with the same identity
test/test_firmware_ui_model.cpp	3008	ui7d-delete: a CROSSED erase answer changes nothing at all
test/test_firmware_ui_model.cpp	3024	ui7d-delete: an UNSOLICITED answer is ignored — no request, no effect
test/test_firmware_ui_model.cpp	3038	ui7d-delete: an answer that arrives BEFORE the request was drained is refused
test/test_firmware_ui_model.cpp	3052	ui7d-delete: an activation whose record has vanished refuses at the ANSWER too
test/test_firmware_ui_model.cpp	3163	ui7d-B233: a serviced DELETE of a MIDDLE row repaints — the panel may not keep a record the store lost
test/test_firmware_ui_model.cpp	3204	ui7d-B233: deleting the LAST row still repaints (the arm that worked before the fix)
test/test_firmware_ui_model.cpp	3231	ui7d-B233: a FAILED delete owes NO extra repaint — nothing was deleted, so nothing went stale
test/test_firmware_ui_model.cpp	3253	ui7d-B231: a message arriving ABOVE the cursor moves the highlight WITH the record, never onto the newcomer
test/test_firmware_ui_model.cpp	3274	ui7d-emergency: `long_arm` closes the modal BEFORE arming, and a long_cancel does not bring it back
test/test_firmware_ui_model.cpp	3295	ui7d-emergency: a re-opened modal after an alarm starts on `back`, never on the hidden Delete
test/test_firmware_ui_model.cpp	3311	ui7d-emergency: while the overlay is up a double cannot open the modal from INBOX
test/test_firmware_ui_model.cpp	3323	ui7d-head: the modal's header line, asserted as BYTES
test/test_firmware_ui_model.cpp	3342	ui7d-frame: a completed DETAIL frame does NOT clear the session unread counters
test/test_firmware_ui_model.cpp	3484	ui14-rows: the menu is §3.6.2's, and the BLE row is ABSENT when the transport is not compiled
test/test_firmware_ui_model.cpp	3501	ui14-rows: the BLE row is PRESENT when the transport's condition is met, and it comes first
test/test_firmware_ui_model.cpp	3514	ui14-rows: RELOAD appears ONLY while a conflict stands, exactly once, and before SAVE
test/test_firmware_ui_model.cpp	3531	ui14-rows: exactly the four covered fields are value rows, and each names its own CfgField
test/test_firmware_ui_model.cpp	3547	ui14-rows: the row labels are the panel's, and none exceeds the 10-column budget
test/test_firmware_ui_model.cpp	3560	ui14-rows: a value renders as the operator reads it, and `periodic` is RENDERED though the menu omits it
test/test_firmware_ui_model.cpp	3571	ui14-rows: the MENU's cycle is off/on, and an out-of-menu value steps to the first offered one
test/test_firmware_ui_model.cpp	3585	ui14-cycle: SETTINGS is the last slot, and it is LIST-AWARE like TEAM and INBOX
test/test_firmware_ui_model.cpp	3619	b232-entry: SETTINGS LANDS CLOSED on ONE entry row, and `short` passes it in ONE press
test/test_firmware_ui_model.cpp	3646	b232-entry: `double` ENTERS the menu at its FIRST row — the PROVISION-child idiom
test/test_firmware_ui_model.cpp	3665	b232-entry: the entry row's label is the panel's, and it fits the 19-column body
test/test_firmware_ui_model.cpp	3672	b232-open: the ConfigService is OPENED ON ARRIVAL, while the CLOSED view is up
test/test_firmware_ui_model.cpp	3689	b232-remedy: the remedy WORDS stand from the CLOSED view — every badge-table cell (§6)
test/test_firmware_ui_model.cpp	3719	b232-exit: BOTH menu exits return to the CLOSED view — ⛔ never straight off the screen
test/test_firmware_ui_model.cpp	3748	ui14-edit: `double` ENTERS a value row and `short` then CYCLES ITS VALUE — the draft only
test/test_firmware_ui_model.cpp	3777	ui14-edit: `dirty` and `config_unsaved` are DIFFERENT FACTS and this is the file where both are read
test/test_firmware_ui_model.cpp	3793	ui14-save: an edited draft SAVES once, applies live, and is no longer unsaved
test/test_firmware_ui_model.cpp	3816	ui14-save: a no-op SAVE says NO CHANGE and writes nothing
test/test_firmware_ui_model.cpp	3827	ui14-save: a FAILED write says SAVE FAILED and RETAINS the draft and its marker
test/test_firmware_ui_model.cpp	3848	ui14-save: a reboot-class save is SAVED and REBOOT-REQUIRED — two independent facts
test/test_firmware_ui_model.cpp	3874	ui14-conflict: SAVE is refused with CFG! RELOAD, and RELOAD then merges the three states
test/test_firmware_ui_model.cpp	3912	ui14-discard: DISCARD is the explicit full reset, and it clears the marker
test/test_firmware_ui_model.cpp	3929	ui14-discard: an unreadable store says NV READ FAILED and the draft SURVIVES
test/test_firmware_ui_model.cpp	3948	ui14-back: BACK is safe — it leaves the MENU and PRESERVES the unsaved draft
test/test_firmware_ui_model.cpp	3977	ui14-back: BLANKING preserves the draft too — a timeout may never discard (§3.6.1)
test/test_firmware_ui_model.cpp	4058	ui15-model: every Provision arm is explicit, and the sub-state is an ENUM not a flag
test/test_firmware_ui_model.cpp	4134	ui15-gate: a CLEAN draft OPENS PROVISION on its menu, and nothing was written to get there
test/test_firmware_ui_model.cpp	4145	ui15-gate: an UNSAVED draft refuses with SAVE OR DISCARD, opens nothing and SAVES NOTHING
test/test_firmware_ui_model.cpp	4172	ui15-gate: a CONFLICT refuses with RELOAD OR DISCARD — ⛔ never SAVE — opens nothing and writes nothing
test/test_firmware_ui_model.cpp	4195	ui15-gate: CONFLICT OUTRANKS UNSAVED — a draft that is BOTH is told to RELOAD, never to SAVE
test/test_firmware_ui_model.cpp	4223	ui15-gate: with NO usable config the MENU never opens, so the gate is never reached
test/test_firmware_ui_model.cpp	4253	w3-open: arrival opens the service ONCE — repeated ticks and gestures on SETTINGS add no load
test/test_firmware_ui_model.cpp	4271	w3-open: a FAILED open stays closed and a LATER sync tries again — no attempted-latch
test/test_firmware_ui_model.cpp	4300	w3-prov: a CLEAN PROVISION activation adds no load, write or apply, and keeps the draft
test/test_firmware_ui_model.cpp	4314	w3-prov: an UNSAVED PROVISION refusal adds no load, write or apply, and keeps the draft
test/test_firmware_ui_model.cpp	4334	w3-prov: a CONFLICT PROVISION refusal adds no load, write or apply, and keeps the draft
test/test_firmware_ui_model.cpp	4353	w3-prov: a BOTH-flags PROVISION refusal adds no load, write or apply, and keeps the draft
test/test_firmware_ui_model.cpp	4375	w3-prov: the refusal note belongs to ONE activation — the next activation replaces or clears it
test/test_firmware_ui_model.cpp	4405	ui15-menu: BACK closes the sub-view back to the SETTINGS MENU, with the highlight on PROVISION
test/test_firmware_ui_model.cpp	4421	ui15-menu: `short` CYCLES the children and never walks out of the screen
test/test_firmware_ui_model.cpp	4448	ui15-confirm: the confirmation cursor's DEFAULT is BACK — as MODEL STATE, on the one entry this slice has
test/test_firmware_ui_model.cpp	4477	ui15-close: ALL EIGHT arms are retired by the close-on-leave reset, cursor included ([[B223]])
test/test_firmware_ui_model.cpp	4547	ui15-close: the reachable arm survives a tick and is closed by the long gesture, on BOTH authorities
test/test_firmware_ui_model.cpp	4564	ui15-close: leaving SETTINGS by its BACK row retires the sub-state, and coming back opens the MENU
test/test_firmware_ui_model.cpp	4589	ui15-emergency: a long press CLOSES the provisioning sub-view before arming (§3.6.5 rule 1)
test/test_firmware_ui_model.cpp	4607	ui15-hide: each child follows its OWN predicate, and STATIC JOIN survives a team-less build
test/test_firmware_ui_model.cpp	4641	ui15-hide: a HIDDEN child has NO refusing stub — it cannot be reached, walked to or activated
test/test_firmware_ui_model.cpp	4665	ui15-parent: with NO child the PROVISION row is HIDDEN, and it returns when a child predicate holds
test/test_firmware_ui_model.cpp	4844	ui15-create: CREATE TEAM opens the confirmation on BACK, and opening it performs NOTHING
test/test_firmware_ui_model.cpp	4866	ui15-create: BACK from the confirmation returns to the MENU and drives ZERO transactions
test/test_firmware_ui_model.cpp	4885	ui15-create: CONFIRM drives EXACTLY ONE transaction, and the RESULT is rendered only after it RETURNED
test/test_firmware_ui_model.cpp	4912	ui15-create: a SHORT press leaves the result, and a null seam REFUSES OUT LOUD rather than doing nothing
test/test_firmware_ui_model.cpp	4939	ui15-create: the two screens' STRINGS, and each outcome says a DIFFERENT thing
test/test_firmware_ui_model.cpp	4985	ui15-create: the newly reachable arms are CLOSED by leaving and PRE-EMPTED by the alarm (§3.6.5 rule 1)
test/test_firmware_ui_model.cpp	5109	ui15-entry: activating JOIN NETWORK opens the SLOT LIST and reads `/mrjoin` EXACTLY ONCE
test/test_firmware_ui_model.cpp	5148	ui15-join: the STORE MATRIX reaches the panel — four states, four texts, and NO slot to join from
test/test_firmware_ui_model.cpp	5188	ui15-join: BACK at select/confirm/waiting/result drives ZERO — and CONFIRM drives EXACTLY ONE
test/test_firmware_ui_model.cpp	5246	ui15-join: transaction success shows JOINING — ⛔ and NO `JOINED`-shaped text is reachable before an adopt
test/test_firmware_ui_model.cpp	5298	ui15-join: a refusal or a failed save LANDS ON THE RESULT — and arms no session at all
test/test_firmware_ui_model.cpp	5328	ui15-join: ★★ ONLY A CORRELATED ADOPT COMPLETES — the four uncorrelated shapes, by name
test/test_firmware_ui_model.cpp	5374	ui15-join: ⛔ EVERY `JoinRefuseReason` IS IGNORED FOR COMPLETION — the screen stays JOINING
test/test_firmware_ui_model.cpp	5401	ui15-join: 60 s is a WORD CHANGE — ⛔ never a failure — and BACK from WAITING cancels nothing
test/test_firmware_ui_model.cpp	5451	ui15-join: the FOUR join arms are CLOSED by leaving and PRE-EMPTED by the alarm — and the session SURVIVES
test/test_firmware_ui_model.cpp	5491	ui15-join: ★★ TRAP 2 — a join at LAYER 17 correlates through the NIBBLE and COMPLETES
test/test_firmware_ui_model.cpp	5508	ui14-long: `long_arm` LEAVES THE EDITOR — and a `long_cancel` does not bring it back
test/test_firmware_ui_model.cpp	5533	ui14-long: `long_fire` from the editor arms the alarm and the editor is already gone
test/test_firmware_ui_model.cpp	5549	ui14-long: the emergency overlay ABSORBS a double over SETTINGS (ledger §1.4)
test/test_firmware_ui_model.cpp	5572	ui14-open: a store that cannot produce a record REFUSES to open, and the MENU never opens
test/test_firmware_ui_model.cpp	5598	ui14-open: an UNATTACHED model opens NO menu and refuses every activation (fails closed)
test/test_firmware_ui_model.cpp	5612	ui14-marker: §3.3's three literals are three separate facts, and CONFLICT wins the marker row
test/test_firmware_ui_model.cpp	5643	chrome4-audit: every PURE panel string fits the rail's 19-column body
test/test_firmware_ui_model.cpp	5787	ui14-marker: every SAVE outcome has its own words, and none of them says SAVED for a refusal
test/test_firmware_ui_model.cpp	5818	ui14-cursor: the highlight follows the ROW when a conflict inserts one above it
test/test_firmware_ui_model.cpp	5840	ui14-cursor: when the RELOAD row retires, the highlight lands on the SAFE action, never on DISCARD
test/test_firmware_ui_model.cpp	5869	ui14-notify: change -> REVERT -> SAVE is refused, which the byte comparison alone cannot do
test/test_firmware_ui_model.cpp	5898	ui14-notify: a NON-COVERED external write raises NOTHING, and a SAVE still goes through
test/test_firmware_ui_model.cpp	5940	ui14-notify: a LEAVE-shaped external write (all four covered fields reset) conflicts and refuses SAVE
test/test_firmware_ui_model.cpp	5973	ui14-notify: a JOIN-shaped external write moves no covered field and raises NOTHING
test/test_firmware_ui_model.cpp	5998	ui14-notify: a write while the service is CLOSED is harmless, and does not poison a later open
test/test_firmware_ui_model.cpp	6032	ui-sleep: blank + idle input + no open frame is the ONLY state that permits sleep
test/test_firmware_ui_model.cpp	6041	ui-sleep: a LIT panel forbids sleep — the operator is looking at it
test/test_firmware_ui_model.cpp	6054	ui-sleep: a gesture being CLASSIFIED forbids sleep, even on a blank panel
test/test_firmware_ui_model.cpp	6077	ui-sleep: an OPEN page-buffer frame forbids sleep until its last page is out (B198)
test/test_firmware_ui_model.cpp	6106	ui-sleep: exactly one of the eight term combinations permits sleep
test/test_firmware_ui_model.cpp	6142	ui17-lex: the list's BACK row is the SHIPPED spelling, and there is only one of it
test/test_firmware_ui_model.cpp	6153	ui17-rowkind: the BACK row is resolved by IDENTITY, and it fails CLOSED past the end
test/test_firmware_ui_model.cpp	6164	ui17-entered: ONE predicate answers `is this screen entered`, for every screen
test/test_firmware_ui_model.cpp	6184	ui17-reset: the leave reset is pure, reports the change, and is idempotent
test/test_firmware_ui_model.cpp	6194	ui17-passive: TEAM and INBOX LAND PASSIVE, and ONE press passes each of them
test/test_firmware_ui_model.cpp	6209	ui17-passive: a `double` on a passive list ENTERS it and queues NOTHING
test/test_firmware_ui_model.cpp	6234	ui17-walk: the interactive walk ends on BACK and comes home, on BOTH screens
test/test_firmware_ui_model.cpp	6263	ui17-back: BACK closes the list to the SAME screen, and one further press then passes it
test/test_firmware_ui_model.cpp	6283	ui17-empty: an empty roster and an empty inbox still offer BACK, and still leave
test/test_firmware_ui_model.cpp	6310	ui17-refuse: a vanished pick REFUSES from the interactive list, and does not close it
test/test_firmware_ui_model.cpp	6328	ui17-refuse: a vanished RECORD refuses from the interactive INBOX list too
test/test_firmware_ui_model.cpp	6346	ui17-retain: blanking KEEPS the list interactive and its selection, and the wake press is consumed
test/test_firmware_ui_model.cpp	6375	ui17-hold: the compose sub-view survives the blank with its list, cursor and phase intact
test/test_firmware_ui_model.cpp	6418	ui17-hold: the detail modal survives the blank with its record, page and selected action
test/test_firmware_ui_model.cpp	6466	ui17-hold: a multi-page detail keeps its page in the dark AND through the real wake pass
test/test_firmware_ui_model.cpp	6505	ui17-hold: the emergency still closes both modals — long_arm the detail, long_fire the compose
test/test_firmware_ui_model.cpp	6542	ui17-emergency: long_arm leaves the interactive list alone, and still closes the detail modal
test/test_firmware_ui_model.cpp	6564	ui17-detail: the modal's `back` returns to the INTERACTIVE list, not to the preview
test/test_firmware_ui_model.cpp	6581	ui17-passive: a passive preview records NO pick, so a roster change raises no refusal
test/test_firmware_ui_model.cpp	6610	ui17-len: the list's length is ONE decision, and a screen nobody entered is ONE row
test/test_firmware_ui_model.cpp	6619	ui17-act: what a `double` MEANS on a list screen — every arm, and the ORDER
test/test_firmware_ui_model.cpp	6639	ui17-note: what the WRITE side does with the cursor — every arm, [[B223]]'s included
test/test_firmware_ui_model.cpp	6665	ui17-wake: a message lights a BLANKED panel and asks for the repaint
test/test_firmware_ui_model.cpp	6680	ui17-wake: the panel stays lit a FULL window measured from the MESSAGE, then blanks by itself
test/test_firmware_ui_model.cpp	6693	ui17-wake: a wake from the dark re-blanks kBlankMs after the message
test/test_firmware_ui_model.cpp	6712	ui17-wake: a wake while ALREADY LIT moves only the deadline
test/test_firmware_ui_model.cpp	6735	ui17-wake: the wake NAVIGATES NOTHING — screen, list, cursor and both picks survive it
test/test_firmware_ui_model.cpp	6760	ui17-wake: a message disturbs NO emergency field, over a retained outcome
test/test_firmware_ui_model.cpp	6790	ui17-wake: a wake before the first tick does not consume the B65 seed
test/test_firmware_ui_model.cpp	6806	ui17-wake: a node that received NOTHING blanks and sleeps exactly as before, at any uptime
test/test_firmware_ui_model.cpp	6829	ui17-wake: a message received 37 days ago does not revive as a live wake
test/test_firmware_ui_model.cpp	6849	ui17-wake: a message wake keeps the retained modal's page, through the real wake pass
test/test_firmware_ui_model.cpp	6912	ui16-menu: JOIN TEAM is the THIRD child, and a double opens the LIST DIRECTLY — ⛔ no submenu
test/test_firmware_ui_model.cpp	6936	ui16-hide: the NEARBY child follows its OWN predicate, and it alone earns the parent row
test/test_firmware_ui_model.cpp	6970	ui16-freeze: the cache is read ONCE, ON THE TRANSITION — ⛔ the list does not refresh under the cursor
test/test_firmware_ui_model.cpp	6998	ui16-filter: OUR OWN team is not offered, and a scan of only our own team is EMPTY
test/test_firmware_ui_model.cpp	7014	ui16-walk: `short` CYCLES the teams then BACK and WRAPS; BACK returns to the PROVISION MENU
test/test_firmware_ui_model.cpp	7036	ui16-look: a double on a TEAM row OPENS THE CONFIRMATION and still performs NOTHING (§3 P-3/P-4)
test/test_firmware_ui_model.cpp	7062	ui16-blank: the NEARBY list SURVIVES blank/wake, and the wake press is consumed
test/test_firmware_ui_model.cpp	7080	ui16-alarm: `long_arm` PRE-EMPTS the scan, and re-entering finds the same teams
test/test_firmware_ui_model.cpp	7129	ui16-confirm: the confirmation opens on BACK, and reaching JOIN costs `short` THEN `double` (P-13)
test/test_firmware_ui_model.cpp	7158	ui16-id: ★★★ the act carries the FULL 32-bit team id of the ROW — ⛔ never the index, ⛔ never the token
test/test_firmware_ui_model.cpp	7197	ui16-back: BACK returns to the NEARBY LIST — ⛔ not the menu — and performs NOTHING
test/test_firmware_ui_model.cpp	7219	ui16-result: the RESULT is terminal — either press leaves it, and it carries no BACK row
test/test_firmware_ui_model.cpp	7241	ui16-words: `TEAM JOINED` is the join's own word — ⛔ never `TEAM CREATED`, and no banned lexeme appears
test/test_firmware_ui_model.cpp	7269	ui16-closed: an UNATTACHED seam FAILS CLOSED, and so does a pick that names no team
test/test_firmware_ui_model.cpp	7311	ui16-preempt: the confirmation does NOT survive the alarm or leaving — an unconfirmed act never stands
test/test_firmware_ui_model.cpp	7362	ui16-k5: the offer opens on the ACKNOWLEDGEMENT of a join whose team has a retained key — on BACK
test/test_firmware_ui_model.cpp	7392	ui16-k5: ⛔ NO offer without a retained record, and ⛔ none for a CREATE — the landed flows, unchanged
test/test_firmware_ui_model.cpp	7427	ui16-k5: ★★★ `BACK` performs NOTHING — no key state changes and the record is never touched
test/test_firmware_ui_model.cpp	7450	ui16-k5: ★★★ reaching `USE SAVED KEY` costs `short` THEN `double`, and the act runs BEFORE the screen moves
test/test_firmware_ui_model.cpp	7488	ui16-k5: a REFUSED join opens no offer — and the act's two floors are MARKED rather than claimed
test/test_firmware_ui_model.cpp	7513	ui16-k5: the UNFINISHED offer does not survive BLANKING, an alarm or leaving (OQ-3, P-14)
test/test_firmware_ui_model.cpp	7543	ui16-k5: the two ruled lexemes are VERBATIM, ⛔ `FORGET KEY` is absent, and the endings say only truths
test/test_firmware_ui_model.cpp	7676	ui16-inviterow: pin 12 — the row is the FOURTH child, and it is HIDDEN off-team and off-build
test/test_firmware_ui_model.cpp	7716	ui16-invopen: B249 — snapshot then window then exactly one announcement request per fresh open
test/test_firmware_ui_model.cpp	7761	ui16-invexpire: pin 1 — the window expires BY ITSELF at five minutes, and expiry changes NOTHING
test/test_firmware_ui_model.cpp	7824	ui16-invblank: pin 13 — the WINDOW survives blank/wake; an UNFINISHED CONFIRMATION does not
test/test_firmware_ui_model.cpp	7867	ui16-invreject: the ready confirmation freezes the hash, defaults REJECT and grants nothing in N5
test/test_firmware_ui_model.cpp	7940	ui16-invfreeze: a refresh between the two presses does ⛔ NOT move what the operator is acting on
test/test_firmware_ui_model.cpp	7975	ui16-invquiet: pin 11 — with the window CLOSED a new member changes no screen, cursor or note
test/test_firmware_ui_model.cpp	8001	ui16-reqpubkey: BACK is default and zero commands precede short + double on REQUEST PUBKEY
test/test_firmware_ui_model.cpp	8042	ui16-reqpubkey-floor: an overheard key and a name do not enable GRANT KEY; authoritative does
test/test_firmware_ui_model.cpp	8064	ui16-reqpubkey-push: wrong hash stays waiting; right hash refreshes the cached name and enables grant
test/test_firmware_ui_model.cpp	8116	ui16-reqpubkey-refused: no seam and a refusal both STAY at NEED PUBKEY — the wait is never claimed
test/test_firmware_ui_model.cpp	8184	ui16-reqpubkey-resources: N5 adds no frame/state carrier and preserves the packed invite layout
test/test_firmware_ui_model.cpp	8229	ui16-grantact: `short` then `double` performs ONE grant, on the FROZEN hash, and lands the verdict
test/test_firmware_ui_model.cpp	8295	ui16-grantpush: only a CORRELATED push promotes the verdict, and only on the verdict screen
test/test_firmware_ui_model.cpp	8358	ui16-grantwindow: pin 8 — a double that lands on an EXPIRED window grants NOTHING
test/test_firmware_ui_model.cpp	8388	ui16-grantseam: with NO seam attached the grant performs nothing and claims nothing
test/test_firmware_ui_model.cpp	8409	ui16-invalarm: `long_arm` PRE-EMPTS the window, and the handled set does not survive it (P-14)
test/test_firmware_ui_model.cpp	8504	ui16-k7-act: pin 1 — the act hangs on an entered-TEAM member row and opens the chain with the ROW'S hash
test/test_firmware_ui_model.cpp	8561	ui16-k7-b245: pin 2 — THE REPRO, END TO END: a member present BEFORE any window is grantable HERE
test/test_firmware_ui_model.cpp	8624	ui16-k7-window: pin 3 — roster context retires before a fresh invitation window
test/test_firmware_ui_model.cpp	8659	ui16-k7-silent: pin 4 — nothing transmits without the operator's EXPLICIT confirmations (counted)
test/test_firmware_ui_model.cpp	8686	ui16-k7-self: pin 5 — the SELF row offers nothing, and the core's own `self` arm is driven from here
test/test_firmware_ui_model.cpp	8716	ui16-k7-keyless: pin 6 — a KEYLESS node offers nothing, and neither does a build that cannot grant
test/test_firmware_ui_model.cpp	8758	ui16-k7-identity: pin 7 — P-7c/P-7d through THIS entry: the FULL hash, and a mutable field never moves it
test/test_firmware_ui_model.cpp	8799	ui16-k7-words: pin 8 — the outcome words are N6's EXACTLY, over the WHOLE enum, through this entry
test/test_firmware_ui_model.cpp	8842	b250-roster-resume: REJECT, NEED BACK, WAIT exit and both blank fallbacks return to the same roster row
test/test_firmware_ui_model.cpp	8918	b250-roster-push: only a matching authoritative cache arrival opens the REJECT-default confirmation
test/test_firmware_ui_model.cpp	8978	b250-roster-identity: expiry follows a reordered id; a gone id refuses rather than selecting a neighbour
test/test_firmware_ui_model.cpp	9027	b250-lifetime: a retired roster caller cannot contaminate a later unbound expiry
test/test_firmware_ui_model.cpp	9056	b250-emergency: pre-emption clears either caller and each fresh flow binds only its own origin
test/test_firmware_ui_model.cpp	9128	ui16-k7-resources: the act's TWO frozen fields cost ONE quantum, and the published identity costs ZERO
test/test_firmware_ui_model.cpp	9173	ui16-K4: the note occupies the panel's ONE transient team answer, and every entry retires it
test/test_firmware_ui_model.cpp	9266	ui17-keyrecv: EITHER press on TEAM KEY RECEIVED lands on the PASSIVE STATUS screen, from EITHER result
test/test_firmware_ui_model.cpp	9294	ui17-keyrecv: the note's ARRIVAL still navigates nothing — on the new landing's own screen too
test/test_firmware_ui_model.cpp	9315	ui17-keyrecv: the FAILURE pair's acknowledgement stays where the REMEDIES are — the LANDED landing
test/test_firmware_ui_model.cpp	9338	ui17-keyrecv: every NEIGHBOURING terminal's acknowledgement is untouched (driven, ⛔ not assumed)
test/test_firmware_ui_model.cpp	9390	ui17-keyrecv: the new landing keeps the LANDED blank/wake rules — nothing about STATUS is special-cased
test/test_firmware_ui_model.cpp	9410	ui16-K4: the three result rows are TOTAL over the whole UiProvOutcome enum, and every row fits
test/test_firmware_ui_model.cpp	9442	ui16-k5-resources: the offer's TWO fields cost ZERO bytes — both land in EXISTING padding
test/test_firmware_ui_model.cpp	9530	ui16-k6-menu: SAVED KEYS is the FIFTH child, hidden when the keyring plane is absent, and BACK stays last
test/test_firmware_ui_model.cpp	9554	ui16-k6-open: the keyring is read ONCE on the transition, and OPENING the screen performs NOTHING
test/test_firmware_ui_model.cpp	9587	ui16-k6-confirm: an INACTIVE row opens the irreversible confirmation on BACK, carrying the FULL 32-bit id
test/test_firmware_ui_model.cpp	9630	ui16-k6-active: an ACTIVE row lands on ACTIVE KEY / CANNOT FORGET, with NO destructive action anywhere
test/test_firmware_ui_model.cpp	9665	ui16-k6-result: KEY FORGOTTEN is written by the ACT, and its acknowledgement returns to the REFRESHED list
test/test_firmware_ui_model.cpp	9691	ui16-k6-failure: a failed removal says KEY NOT FORGOTTEN plus the SERVICE's token — ⛔ never a success
test/test_firmware_ui_model.cpp	9725	ui16-k6-pin8: KEYRING FULL's acknowledgement ENTERS the list — ⛔ it deletes nothing and ⛔ replays nothing
test/test_firmware_ui_model.cpp	9810	ui16-k6-rows: the list's rows are IDENTITIES, the ACTIVE marker is a status, and BACK is unconditional
test/test_firmware_ui_model.cpp	9842	ui16-k6-lexemes: the SEVEN K6 words are declared ONCE, fit the rail, and the failure word is not the success
test/test_firmware_ui_model.cpp	9885	ui16-k6-resources: the retention carriers cost exactly themselves, and NO landed field moved
test/test_firmware_ui_model.cpp	9931	ui16-k6-grantack: a FULL-keyring receipt keeps its three ruled rows and lands the ACK in SAVED KEYS
test/test_firmware_ui_model.cpp	9972	ui16-k6-grantack-menu: a NON-full unsaved receipt still acknowledges to the MENU, and a SAVED one to STATUS
test/test_firmware_ui_model.cpp	10016	ui16-k6-grantack-join: the FULL-keyring landing works from the STATIC-JOIN result screen too
test/test_firmware_ui_model.cpp	10082	ui10-p3-slot: a GAPPED catalog projects dm1/dm4/dm8 to rows 0/1/2 carrying slots 1/4/8
test/test_firmware_ui_model.cpp	10103	ui10-p3-slot: the PRESS seals the row's stable slot — a gapped list sends dm4, never dm2
test/test_firmware_ui_model.cpp	10122	ui10-p3-slot: the two lists are kind-pure, and the emergency slot appears on neither
test/test_firmware_ui_model.cpp	10144	ui10-p3-slot: a disabled slot is never rendered, and eight enabled slots all scroll into the list
test/test_firmware_ui_model.cpp	10165	ui10-p3-row: every PRESET row shows `L` or `-`, and the action rows show neither
test/test_firmware_ui_model.cpp	10201	ui10-p3-empty: a catalog with no enabled slots shows the note and offers only `back`
test/test_firmware_ui_model.cpp	10229	ui10-p3-modal: a successful CHANGED mutation closes a selection-phase compose WITHOUT sending
test/test_firmware_ui_model.cpp	10249	ui10-p3-modal: a NO-OP and a FAILURE leave the compose open — the trigger is the generation, not the verb
test/test_firmware_ui_model.cpp	10274	ui10-p3-modal: an ALREADY-DISPLAYED OUTCOME may finish — a mutation does not discard a verdict
test/test_firmware_ui_model.cpp	10296	ui10-p3-modal: a press arriving in the SAME tick as the mutation closes the modal and sends nothing
test/test_firmware_ui_model.cpp	10311	ui10-p3-changed: `PRESET CHANGED` is the exact word, on its own terminal state, for both kinds
test/test_firmware_ui_model.cpp	10338	ui10-p3-freeze: a frozen snapshot keeps its whole list and generation when the catalog moves under it
test/test_firmware_ui_model.cpp	10366	ui10-p3-r1: with the COMPILED catalog the DM list is index-for-index the one K7 landed against
test/test_firmware_ui_model.cpp	10399	ui10-p3-resources: the list projection costs 328 B of UiSnapshot and ZERO of UiState
test/test_firmware_ui_nearby.cpp	61	ui16-nearby: OUR OWN team is filtered out AT DISPLAY, and every other observation survives
test/test_firmware_ui_nearby.cpp	80	ui16-nearby: a TEAMLESS joiner (own id 0) loses NOTHING — the normal case for this screen
test/test_firmware_ui_nearby.cpp	90	ui16-nearby: the capture FAILS CLOSED and is BOUNDED
test/test_firmware_ui_nearby.cpp	104	ui16-nearby: the order is the SOURCE's — ⛔ never sorted, least of all by signal
test/test_firmware_ui_nearby.cpp	124	ui16-nearby: BACK is the UNCONDITIONAL last row, and the list FAILS CLOSED past its end
test/test_firmware_ui_nearby.cpp	144	ui16-nearby: a row's MEANING is its team id, ⛔ never its index (§B66)
test/test_firmware_ui_nearby.cpp	160	ui16-nearby: the signal token is FOUR levels `0/3`..`3/3` at the SHARED tier boundaries
test/test_firmware_ui_nearby.cpp	181	ui16-nearby: the row is fingerprint · n/3 · age — and ⛔ NOTHING name-shaped (P-5 / R-13 rule 1)
test/test_firmware_ui_nearby.cpp	203	ui16-nearby: the AGE is `ui_fmt_home_age`'s token, REUSED — including its `--`
test/test_firmware_ui_nearby.cpp	222	ui16-nearby: every lexeme is exact, fits 19 columns, and the empty state has its own words
test/test_firmware_ui_nearby.cpp	244	ui16-jointitle: `JOIN <fingerprint>?` is exact, is the SHARED helper's six characters, and fits 19
test/test_firmware_ui_preset_verbs.cpp	128	P2 the three NDJSON records are byte-exact (design §3.2.3)
test/test_firmware_ui_preset_verbs.cpp	173	P2 list emits all 17 records in stable slot order incl. disabled, then ui_presets_end
test/test_firmware_ui_preset_verbs.cpp	213	P2 a mutating verb answers with the RESULTING record; reset all answers with the full list
test/test_firmware_ui_preset_verbs.cpp	268	P2 the busy table (spec §2): an ACTIVE emergency answers busy to EVERY mutating verb, no-ops included
test/test_firmware_ui_preset_verbs.cpp	310	P2 loc= takes EXACTLY on|off — every third value is bad_location, with zero writes
test/test_firmware_ui_preset_verbs.cpp	342	P2 the remaining reasons: bad_slot, bad_text and an unreadable store
test/test_firmware_ui_preset_verbs.cpp	394	P2 the grammar: an unknown sub-verb or a trailing token is REFUSED, never silently run
test/test_firmware_ui_preset_verbs.cpp	428	P2 USB and BLE byte-agree: ONE emitter, two sink shapes, identical streams and identical line counts
test/test_firmware_ui_preset_verbs.cpp	459	P2 the boot restore: the four storage states each drive the ruled line (or none), with zero writes
test/test_firmware_ui_preset_verbs.cpp	504	P2 the resident cost of the ONE live catalog is measured, not assumed
test/test_firmware_ui_presets.cpp	96	ui10-p1-abi: the /mrui record's ABI is what the size check guards, and the tail padding is NAMED
test/test_firmware_ui_presets.cpp	136	ui10-p1-abi: the storage-level four-state read keeps absent, invalid and io_failed apart
test/test_firmware_ui_presets.cpp	165	ui10-p1-defaults: the compiled catalog is §3.2.2's table verbatim
test/test_firmware_ui_presets.cpp	192	ui10-p1-defaults: THE DRIFT FENCE IS DISCHARGED — the compiled defaults ARE what the panel projects
test/test_firmware_ui_presets.cpp	235	ui10-p1-states: ABSENT is an ordinary first boot — defaults, ⛔ NO warning, ⛔ no line, zero writes
test/test_firmware_ui_presets.cpp	250	ui10-p1-states: INVALID runs the defaults and WARNS — counted, worded, and repairable
test/test_firmware_ui_presets.cpp	266	ui10-p1-states: IO_FAILED runs the defaults and warns DISTINCTLY
test/test_firmware_ui_presets.cpp	279	ui10-p1-states: VALID is LOADED — the wearer's configured phrases, not the compiled ones
test/test_firmware_ui_presets.cpp	297	ui10-p1-states: the two boot lines are the ONLY two, and `ok`/`absent` are silent
test/test_firmware_ui_presets.cpp	307	ui10-p1-semantic: a size/header-valid record with ANY canonical violation classifies INVALID
test/test_firmware_ui_presets.cpp	364	ui10-p1-canonical: the written record obeys every canonical-byte rule
test/test_firmware_ui_presets.cpp	395	ui10-p1-canonical: the composition path zeroes the slot WHOLE, so nothing survives an edit
test/test_firmware_ui_presets.cpp	410	ui10-p1-generation: it starts at 1, moves ONLY on a durable change, and SKIPS ZERO on wrap
test/test_firmware_ui_presets.cpp	439	ui10-p1-coalescing: an identical set writes NOTHING over a valid store
test/test_firmware_ui_presets.cpp	475	ui10-p1-coalescing: it holds over an ABSENT store too — the owner's other in-scope arm
test/test_firmware_ui_presets.cpp	490	ui10-p1-coalescing: ⛔ THE PIN DOES NOT HOLD OVER `invalid` — a repair write is legitimate there
test/test_firmware_ui_presets.cpp	515	ui10-p1-emergency: it can NEVER be cleared or disabled
test/test_firmware_ui_presets.cpp	534	ui10-p1-emergency: it IS text-editable, and every edit keeps it enabled
test/test_firmware_ui_presets.cpp	561	ui10-p1-busy: an ACTIVE emergency refuses EVERY mutating verb, including a no-op
test/test_firmware_ui_presets.cpp	592	ui10-p1-order: the SAVED candidate already carries the next generation, and a failed save publishes NOTHING
test/test_firmware_ui_presets.cpp	621	ui10-p1-io: an io_failed store refuses EVERY mutation with `store` and writes NOTHING
test/test_firmware_ui_presets.cpp	648	ui10-p1-validation: 1..17 printable ASCII, both sides of the bound, for BOTH location states
test/test_firmware_ui_presets.cpp	694	ui10-p1-validation: ★ A 273-BYTE PHRASE IS REFUSED — the length check is not bypassable by narrowing
test/test_firmware_ui_presets.cpp	731	ui10-p1-coalescing: ★ a LATE-ABSENT record makes the identical mutation WRITE — durability is restored
test/test_firmware_ui_presets.cpp	771	ui10-p1-slots: the index IS the stable slot identity, and the ends both refuse
test/test_firmware_ui_presets.cpp	825	ui10-p1-slots: zero enabled per kind is representable — P3's empty state has something to render
test/test_firmware_ui_presets.cpp	841	ui10-p1-words: every enum arm is worded, distinct, and swept BY CONSTRUCTION
test/test_firmware_ui_presets.cpp	885	ui10-p1-resources: the catalog's residency is MEASURED, and ⛔ no full record rides a stack
test/test_firmware_ui_prov.cpp	299	§UI15-PROV control — every instrument moves on the ordinary path, so a zero elsewhere is evidence
test/test_firmware_ui_prov.cpp	314	§UI15-PROV the request is a MINT with `phy.present = FALSE` — no retune, no PHY tail, no [[B209]] path
test/test_firmware_ui_prov.cpp	351	§UI15-PROV live != persisted PHY REFUSES with PHY DIFFERS / USE SERIAL — and applies NOTHING
test/test_firmware_ui_prov.cpp	390	§UI15-PROV the precondition's ProvPhy is the PERSISTED one with present=TRUE — never the request's
test/test_firmware_ui_prov.cpp	414	§UI15-PROV an UNREADABLE record refuses — an unestablished precondition is never treated as satisfied
test/test_firmware_ui_prov.cpp	429	§UI15-PROV a FAILED save reports SAVE FAILED, notifies NOTHING and leaves the live node alone
test/test_firmware_ui_prov.cpp	447	§UI15-PROV a STAGING refusal carries the SERVICE's own typed reason, and notifies nothing
test/test_firmware_ui_prov.cpp	473	§UI15-PROV an INCOMPLETE persisted PHY refuses at staging — the create is not a way to repair one
test/test_firmware_ui_prov.cpp	491	§UI15-JOIN control — a selected preset STARTS the join: ONE write, ONE live apply, ONE notification
test/test_firmware_ui_prov.cpp	505	§UI15-JOIN ★★ the ONE integral -> double conversion — 869.4625 MHz survives the store round trip
test/test_firmware_ui_prov.cpp	527	§UI15-JOIN ★★ a preset ABOVE LAYER 15 persists the FULL byte and the NIBBLE — trap 2's other end
test/test_firmware_ui_prov.cpp	538	§UI15-JOIN an EMPTY slot is not a join — zero transactions, zero writes, zero airtime
test/test_firmware_ui_prov.cpp	555	§UI15-JOIN a DOMAIN refusal carries the TRANSACTION's own typed reason, and spends nothing
test/test_firmware_ui_prov.cpp	575	§UI15-JOIN a FAILED save reports SAVE FAILED, notifies NOTHING and leaves the live node alone
test/test_firmware_ui_prov.cpp	589	§UI15-JOIN an unreadable `/mrcfg` refuses — and it is the TRANSACTION's arm, not an invented one
test/test_firmware_ui_prov.cpp	602	§UI15-JOIN the profile read carries the SERVICE's own answer for all FOUR store states
test/test_firmware_ui_prov.cpp	659	§UI15-PROV the adapter dispatches on the INTENT, and `none` performs nothing at all
test/test_firmware_ui_prov.cpp	729	§UI16-N3 control — a nearby join is ONE write, ONE membership move, ONE notification, ZERO retunes
test/test_firmware_ui_prov.cpp	754	§UI16-N3 ★★ the request is a JOIN — `mint = false`, the FULL id, and `phy.present = FALSE`
test/test_firmware_ui_prov.cpp	778	§UI16-N3 the PHY precondition is INHERITED — PHY DIFFERS / USE SERIAL, and it applies NOTHING
test/test_firmware_ui_prov.cpp	813	§UI16-N3 the precondition's ProvPhy is the PERSISTED one with present=TRUE — never the request's
test/test_firmware_ui_prov.cpp	835	§UI16-N3 ★★★ the joiner is KEYLESS — the live key is destroyed and the record claims none (P-2)
test/test_firmware_ui_prov.cpp	859	§UI16-N3/K5 ⛔⛔ a RETAINED keyring record is NOT installed by joining that team — it is OFFERED
test/test_firmware_ui_prov.cpp	904	§UI16-N3 a FAILED save keeps the PREVIOUS membership and key, and says so
test/test_firmware_ui_prov.cpp	924	§UI16-N3 the refusal arms carry the SERVICE's own reason and say JOIN REFUSED — never CREATE REFUSED
test/test_firmware_ui_prov.cpp	984	§UI16-N3 the intent dispatch routes join_team to the TEAM transaction — and never to the other two
test/test_firmware_ui_prov.cpp	1033	§UI16-K5 a join of a team with NO retained record makes ⛔ NO offer — the landed N3 flow, unchanged
test/test_firmware_ui_prov.cpp	1052	§UI16-K5 ⛔ the QUESTION is asked ONLY on the applied arm, and ⛔ never for the CREATE act
test/test_firmware_ui_prov.cpp	1084	§UI16-K5 ★★★ `USE SAVED KEY` installs the retained key, and the node is BOOT-DURABLE afterwards
test/test_firmware_ui_prov.cpp	1133	§UI16-K5 ★★★ a FAILED activation refuses LOUDLY, installs nothing, and leaves the record intact
test/test_firmware_ui_prov.cpp	1227	§UI16-K5 the dispatch routes the FOURTH op to the TEAM device — and ⛔ leaves the other three where they were
test/test_firmware_ui_prov.cpp	1260	§UI16-K6 the LIST crosses the seam as METADATA and costs ZERO writes
test/test_firmware_ui_prov.cpp	1289	§UI16-K6 ★★★ `FORGET KEY` removes exactly the named record, and the mapping says only what is true
test/test_firmware_ui_prov.cpp	1309	§UI16-K6 ⛔ every non-`forgotten` arm renders KEY NOT FORGOTTEN plus the SERVICE's token — never a success
test/test_firmware_ui_prov.cpp	1376	§UI16-K6 `KEYRING FULL` is reported as a TYPED flag — and ⛔ only for that refusal
test/test_firmware_ui_prov.cpp	1431	§UI16-K6 the dispatch routes the FIFTH op to the TEAM device — and ⛔ leaves the other four where they were
test/test_firmware_ui_send.cpp	28	ui-send: an unrelated channel_sent cannot complete the emergency
test/test_firmware_ui_send.cpp	38	ui-send: a blocked DM cannot block the emergency
test/test_firmware_ui_send.cpp	45	ui-send: a blocked event outside the outcome window is ignored
test/test_firmware_ui_send.cpp	51	ui-send: a DM outcome must match ctr AND peer
test/test_firmware_ui_send.cpp	64	ui-send: no_pubkey maps to dm_no_key
test/test_firmware_ui_send.cpp	74	ui-send: a refused submit leaves nothing to match
test/test_firmware_ui_send.cpp	81	ui-send: B39 — a ctr==0 result awaits its outcome and never claims a channel_sent
test/test_firmware_ui_send.cpp	92	ui-send: a channel seal failure still escapes SENDING..., via the bounded expiry
test/test_firmware_ui_send.cpp	103	ui-send: B40 — full-width counters correlate across the 8-bit boundary
test/test_firmware_ui_send.cpp	114	ui-send: e2e_ack_timeout yields NO CONFIRM and a late ack upgrades it
test/test_firmware_ui_send.cpp	138	ui-send: UI-4 — an awaiting send with no push at all closes as channel_remote_mint, not a stuck SENDING
test/test_firmware_ui_send.cpp	155	ui-send: UI-4 — an ACCEPTED send never expires, because a team channel_sent arrives ~36s later
test/test_firmware_ui_send.cpp	170	ui-send: UI-4 — accept(ctr=0) normalises to awaiting, so a ctr-0 push can never be a handle
test/test_firmware_ui_send.cpp	183	ui-send: UI-4 — an awaiting emergency still receives its real blocked outcome
test/test_firmware_ui_send.cpp	197	ui-send: UI-4 — in late_ack only an ACK matches; a stray failure cannot downgrade NO CONFIRM
test/test_firmware_ui_send.cpp	215	ui-send: UI-4 — close() releases a late_ack slot, which is how the sub-view bounds the upgrade
test/test_firmware_ui_send.cpp	230	ui-send: UI-4 — a DM slot is deaf to channel pushes and a channel slot to DM pushes
test/test_firmware_ui_send.cpp	247	ui-send: UI-4 — an awaiting DM releases its slot without inventing a channel outcome
test/test_firmware_ui_send.cpp	256	ui-send: UI-4 — the outcome window is wrap-safe across millis()
test/test_firmware_ui_send.cpp	276	ui-send: UI-4 — match_blocked accepts an ACCEPTED slot, because -t -g really blocks its second copy
test/test_firmware_ui_send.cpp	288	ui-send: UI-4 — a DM failure threads its exact reason, and only the two special ones get their own kind
test/test_firmware_ui_send.cpp	313	ui-send: UI-4 — interleaved unrelated traffic cannot move the emergency through the tracker
test/test_firmware_ui_send.cpp	394	ui-send: UI-4 int — each ctr==0 expiry consumes ONE attempt, three end in sticky NOT HEARD, no fourth
test/test_firmware_ui_send.cpp	411	ui-send: UI-4 int — NEGATIVE CONTROL: without the consumption the retry never terminates
test/test_firmware_ui_send.cpp	425	ui-send: UI-4 int — a colliding send_layer {dst=0, unsealable} cannot make the emergency FAILED
test/test_firmware_ui_send.cpp	484	ui-glue: the NORMAL tracker's expiry drains its slot and CANNOT touch a live alarm
test/test_firmware_ui_send.cpp	505	ui-glue: a canned expiry cannot fabricate a terminal NOT HEARD on a budget-spent alarm
test/test_firmware_ui_send.cpp	521	ui-glue: the EMERGENCY tracker's expiry consumes one attempt BEFORE its outcome lands
test/test_firmware_ui_send.cpp	539	ui-glue: pumping idle trackers is inert
test/test_firmware_ui_send.cpp	553	ui-glue: an unattributable send_failed{dst=0, unsealable} cannot end the alarm
test/test_firmware_ui_send.cpp	565	ui-glue: channel_sent routes by ctr — ours becomes PICKED UP, a stranger's is ignored
test/test_firmware_ui_send.cpp	588	ui-glue: a canned post's outcome is claimed by the normal slot and never routed to the model
test/test_firmware_ui_send.cpp	604	ui-glue: with BOTH slots live, a send_blocked goes to the EMERGENCY slot
test/test_firmware_ui_send.cpp	620	ui-glue: a DM ack reaches the DM state and the emergency offer is inert
test/test_firmware_ui_send.cpp	634	ui-glue: the router claims nothing for the RX kinds
test/test_firmware_ui_send.cpp	664	ui-recv: F4 — a NON-team plaintext post on channel 0 CANNOT become a distress REPLY
test/test_firmware_ui_send.cpp	684	ui-recv: F4 — a FOREIGN team's post on our channel cannot become a REPLY either
test/test_firmware_ui_send.cpp	695	ui-recv: F4 — OUR team's post on OUR channel is still a REPLY, with who and text
test/test_firmware_ui_send.cpp	708	ui-recv: F4 — a teammate's post on ANOTHER channel is counted but is not a REPLY
test/test_firmware_ui_send.cpp	722	ui-recv: the counters, the stamps, and the cap that is DISPLAY-ONLY
test/test_firmware_ui_send.cpp	745	ui-recv: the arrival serial WRAPS without losing the unread count
test/test_firmware_ui_send.cpp	765	ui-recv: the reply text is bounded by body_len, not by a NUL
test/test_firmware_ui_send.cpp	796	ui-recv: F2 — an ARRIVING message asks for a repaint
test/test_firmware_ui_send.cpp	809	ui-frame: F2 — a COMPLETE Inbox frame reads only the counts it FROZE
test/test_firmware_ui_send.cpp	840	ui-frame: B108 round 2 — a mid-frame arrival survives AT the unread cap
test/test_firmware_ui_send.cpp	862	ui-frame: F2 — an Inbox frame COVERED by the emergency overlay reads nothing
test/test_firmware_ui_send.cpp	876	ui-frame: F2 — an Inbox frame under an open COMPOSE modal reads nothing
test/test_firmware_ui_send.cpp	892	ui-frame: F2 — a BLANKED panel on the Inbox screen reads nothing
test/test_firmware_ui_send.cpp	904	ui-frame: F2 — a MAC-busy pass on the Inbox screen reads nothing
test/test_firmware_ui_send.cpp	914	ui-frame: F2 — a NON-Inbox frame never reads the counters
test/test_firmware_ui_send.cpp	951	ui-frame: F3 — a press BEFORE the outcome's first page is consumed, and does NOT dismiss
test/test_firmware_ui_send.cpp	970	ui-frame: F3 — a press DURING the outcome's frame is consumed; the frame must COMPLETE
test/test_firmware_ui_send.cpp	984	ui-frame: F3 — a frame that BLANKED before completing presents nothing
test/test_firmware_ui_send.cpp	1001	ui-frame: F3 — a second REPLY needs its own completed frame
test/test_firmware_ui_send.cpp	1018	ui-frame: F3 — a consumed press never operates the screen under the overlay
test/test_firmware_ui_send.cpp	1087	ui-recv: R1 — OUR team's REPLY wakes a dark panel, exactly once
test/test_firmware_ui_send.cpp	1125	ui-recv: R1 NEGATIVE CONTROL — a stranger's channel-0 post must NOT un-blank
test/test_firmware_ui_send.cpp	1151	ui-recv: R1 CONTROL — an OUR-TEAM post with no alarm behind it is chatter, and chatter stays dark
test/test_firmware_ui_send.cpp	1177	ui-recv: R1 NEGATIVE CONTROL — a stranger cannot LIGHT a panel a live alarm is holding dark
test/test_firmware_ui_send.cpp	1201	ui-recv: R1 — the wake inherits the retained-outcome hold; it invents no second window
test/test_firmware_ui_send.cpp	1282	ui7-line: a DM is `send <id> \"<text>\" -t -a` — the id, the plane and the ack, exactly
test/test_firmware_ui_send.cpp	1292	ui7-line: the second DM text is the second STABLE SLOT, not an off-by-one
test/test_firmware_ui_send.cpp	1299	ui7-line: a canned channel post is `send_channel <ch> \"<text>\" -t -e`
test/test_firmware_ui_send.cpp	1311	ui7-line: the EMERGENCY carries -l only WITH a fix; without one it still goes out
test/test_firmware_ui_send.cpp	1327	ui10-p3-emergency: `loc=off` on the emergency slot means NO `-l`, fix or no fix (R-2 row 1)
test/test_firmware_ui_send.cpp	1341	ui10-p3-emergency: the alarm's body is the CATALOG's emergency phrase, not a compiled string
test/test_firmware_ui_send.cpp	1354	ui10-p3-loc: a `loc=on` DM and channel preset compose `-l`, ALWAYS — no fix, no key, no downgrade
test/test_firmware_ui_send.cpp	1378	ui7-line: a DISABLED slot, an out-of-range slot and an empty row all REFUSE to compose
test/test_firmware_ui_send.cpp	1394	ui7-line: truncation is a REFUSAL, never a short send (C2)
test/test_firmware_ui_send.cpp	1402	ui7-line: kSendLineCap fits every line either verb can produce, at the widest id and channel
test/test_firmware_ui_send.cpp	1430	ui10-p3-freeze: the gate passes a sealed slot+generation that still describes the live catalog
test/test_firmware_ui_send.cpp	1435	ui10-p3-freeze: a MOVED generation refuses — driven for set / clear / reset / reset all
test/test_firmware_ui_send.cpp	1466	ui10-p3-freeze: a slot DISABLED at execution refuses even with the generation intact
test/test_firmware_ui_send.cpp	1481	ui10-p3-freeze: the EMERGENCY is exempt from the stale-generation refusal, on every catalog
test/test_firmware_ui_send.cpp	1494	ui7-send: an ACCEPTED emergency spends exactly one attempt and holds its handle
test/test_firmware_ui_send.cpp	1510	ui7-send: `queued` with ctr==0 spends NO attempt here — the bounded expiry does
test/test_firmware_ui_send.cpp	1525	ui7-send: an err_* result lands the alarm in FAILED and carries the CmdCode verbatim
test/test_firmware_ui_send.cpp	1538	ui7-send: a line that never PARSED is `parser`, and no code is claimed for it
test/test_firmware_ui_send.cpp	1555	ui7-send: a request the composer refuses NEVER reaches the executor
test/test_firmware_ui_send.cpp	1572	ui10-p3-freeze: a stale request costs ZERO exec calls, ZERO tracker slots, and says PRESET CHANGED
test/test_firmware_ui_send.cpp	1594	ui10-p3-freeze: an alarm SENDS through a catalog mutation, and reads the NEW emergency phrase
test/test_firmware_ui_send.cpp	1608	ui7-send: a DM goes to the NORMAL slot and reaches waiting_ack; the alarm slot stays untouched
test/test_firmware_ui_send.cpp	1639	ui7-B113: an ACCEPTED canned post enters `waiting`, KEEPS its handle, and moves neither DM nor alarm
test/test_firmware_ui_send.cpp	1678	ui7-B113 CONTROL: accepting a DM or an ALARM must never move the canned-channel state
test/test_firmware_ui_send.cpp	1697	ui7-B113: `waiting` means WE HOLD A HANDLE — a ctr-less canned post must not reach it
test/test_firmware_ui_send.cpp	1717	ui7-B69: no_relay and remote_mint land in DIFFERENT ChanStates — the carrier B69 asked for
test/test_firmware_ui_send.cpp	1731	ui7-B69: a canned post's outcome NEVER moves a live alarm (§2.1), by either route
test/test_firmware_ui_send.cpp	1745	ui7-B69: the NORMAL tracker's expiry reaches the sub-view and still cannot touch the alarm (§B84 blk 2)
test/test_firmware_ui_send.cpp	1758	ui7-B69: a canned send_blocked reaches the sub-view as BLOCKED, not the alarm
test/test_firmware_ui_send.cpp	1780	ui7-slot: a late_ack slot is released once the sub-view has closed
test/test_firmware_ui_send.cpp	1825	ui7-slot: an UNANSWERED late_ack slot is released once the sub-view has gone, or the device is bricked
test/test_firmware_ui_send.cpp	1871	ui7-slot: the EMERGENCY slot is never closed by a compose modal
test/test_firmware_ui_send.cpp	1905	ui7-b115: the accepted alarm's VISIBLE line steps `1 of 3` -> `2 of 3` -> `3 of 3`
test/test_firmware_ui_send.cpp	1963	ui7-b115: a ctr==0 attempt still reads `1 of 3`, never `0 of 3`
test/test_firmware_ui_send.cpp	1989	ui7-b115: the ordinal is a DIFFERENT number from `attempts()`, and by exactly one attempt
test/test_firmware_ui_send.cpp	2011	ui7-b115: a blocked-then-retried alarm still reads `1 of 3` — a block spends nothing
test/test_firmware_ui_send.cpp	2037	ui7-b115: re-firing a sticky NOT HEARD opens at `1 of 3` again
test/test_firmware_ui_send.cpp	2064	ui-T3: a correlated DM send_aired upgrades QUEUED -> SENT and does NOT close the slot
test/test_firmware_ui_send.cpp	2083	ui-T3: an UNCORRELATED send_aired moves nothing (neither handle nor peer may be approximated)
test/test_firmware_ui_send.cpp	2097	ui-T3: a canned CHANNEL post correlates on the 16-bit handle ALONE, above 255 (§b40)
test/test_firmware_ui_send.cpp	2118	ui-T3-c: an EMERGENCY send_aired changes NOTHING and RETAINS the slot; its channel_sent still lands
test/test_firmware_ui_send.cpp	2149	ui-T3-c: an EMERGENCY airing must not relabel a coincident canned post
test/test_firmware_ui_send.cpp	2176	ui-T3: on_send_aired(emergency) never promotes a canned post standing in QUEUED
test/test_firmware_ui_send.cpp	2192	ui-T3-d: a LATE send_aired never overwrites a terminal state — all five, plus the queued controls
test/test_firmware_ui_send.cpp	2262	ui-T3: after SENT the terminal verdict still applies, in every direction
test/test_firmware_ui_send.cpp	2303	ui17-wake: a SEALED team post lights a dark panel — and the SAME post CLEARTEXT does not
test/test_firmware_ui_send.cpp	2323	ui17-wake: a DM addressed to us lights a dark panel, SEALED or NOT
test/test_firmware_ui_send.cpp	2380	ui17-wake: the full PushKind enum — only a DM wakes a dark panel with enc false
test/test_firmware_ui_send.cpp	2402	ui17-wake: the counters and the repaint are UNCHANGED on every arm, sealed or not
test/test_firmware_ui_send.cpp	2426	ui17-wake: a sealed teammate reply still becomes a REPLY, and a cleartext stranger still does neither
test/test_firmware_ui_send.cpp	2553	ui16-route: the router routes team_key_grant_aired to the invite verdict — and only a CORRELATED one lands
test/test_firmware_ui_send.cpp	2585	ui16-route: team_key_grant_failed reaches the verdict, and a UI slot's generic push stays its own
test/test_firmware_ui_send.cpp	2641	ui16-K4: a forwarded grant receipt shows TEAM KEY RECEIVED — and the failure path never does
test/test_firmware_ui_send.cpp	2685	ui16-K4: ⛔ the note NEVER navigates, moves no cursor, writes no emergency field and does NOT wake
test/test_firmware_ui_send.cpp	2746	ui16-K4: the FULL PushKind enum — only team_key_received writes the note
test/test_firmware_ui_send.cpp	2791	ui10-p3-loc: a located CHANNEL preset with no fix ISSUES `-l` and reports the core's refusal
test/test_firmware_ui_send.cpp	2811	ui10-p3-loc: a located DM preset keeps `send <id> … -t -a -l` and reports the unsealed refusal
test/test_firmware_ui_status.cpp	67	ui17-status: row 0 names the team in EIGHT uppercase hex, and says NO TEAM for id 0
test/test_firmware_ui_status.cpp	93	ui17-status: row 1 is the team-local id, BLANK with no team, and ME NO ID before team-DAD
test/test_firmware_ui_status.cpp	122	ui17-status: row 2 says KNOWN — never HEARD, never MEMBERS — and saturates at 9+
test/test_firmware_ui_status.cpp	148	ui17-status: row 2's NO TEAM KEY outranks the count, and no team at all is SILENCE
test/test_firmware_ui_status.cpp	179	ui17-status: row 3 combines the two unread counts and saturates at the STRIP's 99+
test/test_firmware_ui_status.cpp	209	ui17-status: row 3's HOME half is `--` when never confirmed and ABSENT with no mobile plane
test/test_firmware_ui_status.cpp	240	ui17-status: row 4's priority is RESTART NEEDED > coordinates > NO LOCATION, and never both
test/test_firmware_ui_status.cpp	260	ui17-status: (0,0) is NO LOCATION — the CORE's own predicate, never a plausible 0.000,0.000
test/test_firmware_ui_status.cpp	282	ui17-status: row 4 reads the FROZEN snapshot, and `own_fix` is its authority in both directions
test/test_firmware_ui_status.cpp	306	ui17-status: the coordinate TRUNCATES toward zero, in all four quadrants, and -0.000 keeps its sign
test/test_firmware_ui_status.cpp	347	ui17-status: gateway_heltec's shape — no team plane, no mobile plane — claims NOTHING
test/test_firmware_ui_status.cpp	362	ui17-status: EVERY row of the fully-populated body fits its own column budget
test/test_firmware_ui_team.cpp	118	ui17-team: the ruled row is EXACTLY 19 columns, marker + label + age + the two blanks
test/test_firmware_ui_team.cpp	132	ui17-team: a long label is CLAMPED to six columns and cannot push the age off the row
test/test_firmware_ui_team.cpp	167	ui17-team: the label's own widths — a short name pads, a six-column one fills, none clips
test/test_firmware_ui_team.cpp	183	ui17-team: an UNKNOWN route age renders `--`, ⛔ never a plausible number
test/test_firmware_ui_team.cpp	195	ui17-team: with NO location evidence the two columns are PRESENT and BLANK
test/test_firmware_ui_team.cpp	221	ui17-team: a located teammate fills DIST and DIR, and the row is STILL exactly 19 columns
test/test_firmware_ui_team.cpp	246	ui17-team: a STALE cached position renders BLANK — ⛔ never a plausible number
test/test_firmware_ui_team.cpp	263	ui17-team: without OUR OWN fix every row's columns are blank, however fresh the peer is
test/test_firmware_ui_team.cpp	276	ui17-team: a COINCIDENT teammate draws `0m` and a BLANK direction — ⛔ never `N`
test/test_firmware_ui_team.cpp	289	ui17-team: the interactive list's `BACK` row fits beside these, in the ONE shipped spelling
test/test_firmware_ui_team.cpp	298	ui17-team: the route-age token is `ui_fmt_home_age`'s ruled table, `--` for unknown
test/test_firmware_ui_team.cpp	320	ui17-team: the age BUCKET agrees with the drawn token, boundary for boundary, MEASURED
test/test_firmware_ui_team.cpp	364	ui17-team: a lit TEAM screen repaints when an age TOKEN turns (the F-8 gap, closed)
test/test_firmware_ui_team.cpp	380	ui17-team: a RAW age that moves INSIDE its bucket raises nothing (⛔ never a repaint per second)
test/test_firmware_ui_team.cpp	397	ui17-team: an EQUAL projection raises nothing — and ⛔ CLEARS nothing
test/test_firmware_ui_team.cpp	415	ui17-team: the rows belong to ONE screen — ⛔ no repaint is asked for from any other
test/test_firmware_ui_team.cpp	435	ui17-team: ...and to ONE BODY — a view that replaces it asks for no team repaint
test/test_firmware_ui_team.cpp	476	ui17-team: while BLANKED it raises, never unblanks, never clears, never opens a frame
test/test_firmware_ui_team.cpp	511	ui17-team: a DISTANCE token that turns repaints a lit TEAM screen; a drift inside it does not
test/test_firmware_ui_team.cpp	538	ui17-team: the OCTANT, the freshness bound and OUR OWN fix each repaint on their own
test/test_firmware_ui_team.cpp	575	ui17-team: the LABEL's drawn prefix is compared — a rename past column 6 is invisible
test/test_firmware_ui_team.cpp	599	ui17-team: W4a — an exact six-byte name renamed LONGER repaints; two long names drawn alike do not
test/test_firmware_ui_team.cpp	630	ui17-team: the comparison is POSITIONAL and bounded by the rows the panel actually draws
