check	new_ordinal	old	disposition	script_identical_to_old	must_fail
W1	1	W1#1	unchanged	True	(its own check, unchanged)
W2	1	W2#1	unchanged	True	(its own check, unchanged)
W3	1	W3#1	unchanged	True	(its own check, unchanged)
W4	1	W4#1	unchanged	True	(its own check, unchanged)
W5	1	W5#1	unchanged	True	(its own check, unchanged)
W6	1	W6#1	unchanged	True	(its own check, unchanged)
W7	1	W7#1	unchanged	True	(its own check, unchanged)
W7	2	W7#2	unchanged	True	(its own check, unchanged)
W8	1	W8#1	unchanged	True	(its own check, unchanged)
W9	1	W9#1	unchanged	True	(its own check, unchanged)
W10	1	W10#1	unchanged	True	(its own check, unchanged)
W10b	1	W10b#1	unchanged	True	(its own check, unchanged)
W10b	2	W10b#2	unchanged	True	(its own check, unchanged)
W10b	3	W10b#3	unchanged	True	(its own check, unchanged)
W11	1	W11#1	unchanged	True	(its own check, unchanged)
W11	2	W11#2	unchanged	True	(its own check, unchanged)
W11	3	W11#3	unchanged	True	(its own check, unchanged)
W11	4	W11#4	unchanged	True	(its own check, unchanged)
W11b	1	W11b#1	unchanged	True	(its own check, unchanged)
W11b	2	W11b#2	unchanged	True	(its own check, unchanged)
W12	1	W12#1	unchanged	True	(its own check, unchanged)
W12	2	W12#2	unchanged	True	(its own check, unchanged)
W12	3	W12#3	unchanged	True	(its own check, unchanged)
W12	4	W12#4	unchanged	True	(its own check, unchanged)
W13	1	W13#1	unchanged	True	(its own check, unchanged)
W14	1	W14#1	unchanged	True	(its own check, unchanged)
W14	2	W14#2	unchanged	True	(its own check, unchanged)
W14	3	W14#3	unchanged	True	(its own check, unchanged)
W14	4	W14#4	unchanged	True	(its own check, unchanged)
W15	1	W15#1	unchanged	True	(its own check, unchanged)
W15	2	W15#2	unchanged	True	(its own check, unchanged)
W15	3	W15#3	unchanged	True	(its own check, unchanged)
W15	4	W15#4	unchanged	True	(its own check, unchanged)
W16	1	W16#1	unchanged	True	(its own check, unchanged)
W16	2	W16#2	unchanged	True	(its own check, unchanged)
W16	3	W16#3	unchanged	True	(its own check, unchanged)
W16	4	W16#4	unchanged	True	(its own check, unchanged)
W17	1	W17#1	unchanged	True	(its own check, unchanged)
W17	2	W17#2	unchanged	True	(its own check, unchanged)
W17	3	W17#3	unchanged	True	(its own check, unchanged)
W17	4	W17#4	unchanged	True	(its own check, unchanged)
W18	1	W18#1	unchanged	True	(its own check, unchanged)
W18	2	W18#2	unchanged	True	(its own check, unchanged)
W18	3	W18#3	unchanged	True	(its own check, unchanged)
W18	4	W18#4	unchanged	True	(its own check, unchanged)
W20	1	W20#1	unchanged	True	(its own check, unchanged)
W20	2	W20#2	unchanged	True	(its own check, unchanged)
W20	3	W20#3	unchanged	True	(its own check, unchanged)
W20	4	W20#4	unchanged	True	(its own check, unchanged)
W20	5	W20#5	unchanged	True	(its own check, unchanged)
W20	6	W20#6	unchanged	True	(its own check, unchanged)
W21	1	W21#1	unchanged	True	(its own check, unchanged)
W21	2	W21#2	unchanged	True	(its own check, unchanged)
W21	3	W21#3	unchanged	True	(its own check, unchanged)
W21	4	W21#4	unchanged	True	(its own check, unchanged)
W22	1	W22#1	unchanged	True	(its own check, unchanged)
W22	2	W22#2	unchanged	True	(its own check, unchanged)
W22	3	W22#3	unchanged	True	(its own check, unchanged)
W23	1	W23#1	unchanged	True	(its own check, unchanged)
W23	2	W23#2	unchanged	True	(its own check, unchanged)
W23	3	W23#3	unchanged	True	(its own check, unchanged)
W23	4	W23#4	unchanged	True	(its own check, unchanged)
W24	1	W24#1	unchanged	True	(its own check, unchanged)
W25	1	W25#1	unchanged	True	(its own check, unchanged)
W25	2	W25#2	unchanged	True	(its own check, unchanged)
W26	1	W26#1	unchanged	True	(its own check, unchanged)
W26	2	W26#2	unchanged	True	(its own check, unchanged)
W26b	1	W26b#1	unchanged	True	(its own check, unchanged)
W26b	2	W26b#2	unchanged	True	(its own check, unchanged)
W26b	3	W26b#3	unchanged	True	(its own check, unchanged)
W26b	4	W26b#4	unchanged	True	(its own check, unchanged)
W27	1	W27#1	unchanged	True	(its own check, unchanged)
W27	2	W27#2	unchanged	True	(its own check, unchanged)
W27	3	W27#3	unchanged	True	(its own check, unchanged)
W27	4	W27#4	unchanged	True	(its own check, unchanged)
W27	5	W27#5	unchanged	True	(its own check, unchanged)
W27	6	W27#6	unchanged	True	(its own check, unchanged)
W27	7	W27#7	unchanged	True	(its own check, unchanged)
W27	8	W27#8	unchanged	True	(its own check, unchanged)
W27b	1	W27b#1	unchanged	True	(its own check, unchanged)
W27b	2	W27b#2	unchanged	True	(its own check, unchanged)
W27c	1	W27c#1	unchanged	True	(its own check, unchanged)
W27c	2	W27c#2	unchanged	True	(its own check, unchanged)
W28	1	W28#1	unchanged	True	(its own check, unchanged)
W28b	1	W28b#1	unchanged	True	(its own check, unchanged)
W29	1	W29#1	unchanged	True	(its own check, unchanged)
W29	2	W29#2	unchanged	True	(its own check, unchanged)
W29	3	W29#3	unchanged	True	(its own check, unchanged)
W29	4	W29#4	unchanged	True	(its own check, unchanged)
W29	5	W29#5	unchanged	True	(its own check, unchanged)
W29	6	W29#6	unchanged	True	(its own check, unchanged)
W29	7	W29#7	unchanged	True	(its own check, unchanged)
W30	1	W30#1	unchanged	True	(its own check, unchanged)
W30	2	W30#2	unchanged	True	(its own check, unchanged)
W30	3	W30#3	unchanged	True	(its own check, unchanged)
W31	1	W31#1	unchanged	True	(its own check, unchanged)
W31	2	W31#2	unchanged	True	(its own check, unchanged)
W31	3	W31#3	unchanged	True	(its own check, unchanged)
W31	4	W31#4	unchanged	True	(its own check, unchanged)
W32	1	W32#1	unchanged	True	(its own check, unchanged)
W32	2	W32#2	unchanged	True	(its own check, unchanged)
W32	3	W32#3	unchanged	True	(its own check, unchanged)
W32	4	W32#4	unchanged	True	(its own check, unchanged)
W32	5	W32#5	unchanged	True	(its own check, unchanged)
W32	6	W32#6	unchanged	True	(its own check, unchanged)
W33	1	W33#1	unchanged	True	(its own check, unchanged)
W33	2	W33#2	unchanged	True	(its own check, unchanged)
W33	3	W33#3	unchanged	True	(its own check, unchanged)
W33	4	W33#4	unchanged	True	(its own check, unchanged)
W34	1	W34#1	unchanged	True	(its own check, unchanged)
W34	2	W34#2	unchanged	True	(its own check, unchanged)
W34	3	W34#3	unchanged	True	(its own check, unchanged)
W34	4	W34#4	unchanged	True	(its own check, unchanged)
W35	1	W35#1	unchanged	True	(its own check, unchanged)
W35	2	W35#2	unchanged	True	(its own check, unchanged)
W35	3	W35#3	unchanged	True	(its own check, unchanged)
W36	1	W36#1	unchanged	True	(its own check, unchanged)
W36	2	W36#2	unchanged	True	(its own check, unchanged)
W36	3	W36#3	unchanged	True	(its own check, unchanged)
W37	1	W37#1	unchanged	True	(its own check, unchanged)
W37	2	W37#2	unchanged	True	(its own check, unchanged)
W37	3	W37#3	unchanged	True	(its own check, unchanged)
W38	1	W38#1	unchanged	True	(its own check, unchanged)
W38	2	W38#2	unchanged	True	(its own check, unchanged)
W38	3	W38#3	unchanged	True	(its own check, unchanged)
W39	1	W39#1	unchanged	True	(its own check, unchanged)
W39	2	W39#2	unchanged	True	(its own check, unchanged)
W39	3	W39#3	unchanged	True	(its own check, unchanged)
W40	1	W40#1	unchanged	True	(its own check, unchanged)
W40	2	W40#2	unchanged	True	(its own check, unchanged)
W40	3	W40#3	unchanged	True	(its own check, unchanged)
W40	4	W40#4	unchanged	True	(its own check, unchanged)
W41	1	W41#1	unchanged	True	(its own check, unchanged)
W41	2	W41#2	unchanged	True	(its own check, unchanged)
W41	3	W41#3	unchanged	True	(its own check, unchanged)
W42	1	W42#1	unchanged	True	(its own check, unchanged)
W42	2	W42#2	unchanged	True	(its own check, unchanged)
W42	3	W42#3	unchanged	True	(its own check, unchanged)
W43	1	W43#1	unchanged	True	(its own check, unchanged)
W43	2	W43#2	unchanged	True	(its own check, unchanged)
W44	1	W44#1	unchanged	True	(its own check, unchanged)
W44	2	W44#2	unchanged	True	(its own check, unchanged)
W44	3	W44#3	unchanged	True	(its own check, unchanged)
W45	1	W45#1	unchanged	True	(its own check, unchanged)
W45	2	W45#2	unchanged	True	(its own check, unchanged)
W45	3	W45#3	unchanged	True	(its own check, unchanged)
W45	4	W45#4	unchanged	True	(its own check, unchanged)
W45	5	W45#5	unchanged	True	(its own check, unchanged)
W46	1	W46#1	unchanged	True	(its own check, unchanged)
W46	2	W46#2	unchanged	True	(its own check, unchanged)
W47	1	W47#1	unchanged	True	(its own check, unchanged)
W47	2	W47#2	unchanged	True	(its own check, unchanged)
W47	3	W47#3	unchanged	True	(its own check, unchanged)
W47	4	W47#4	unchanged	True	(its own check, unchanged)
W47	5	W47#5	unchanged	True	(its own check, unchanged)
W47	6	W47#6	unchanged	True	(its own check, unchanged)
W47	7	W47#7	unchanged	True	(its own check, unchanged)
W47	8	W47#8	unchanged	True	(its own check, unchanged)
W48	1	W48#1	unchanged	True	(its own check, unchanged)
W48	2	W48#2	unchanged	True	(its own check, unchanged)
W48	3	W48#3	unchanged	True	(its own check, unchanged)
W49	1	W49#1	kept	True	the arm's file-wide presence
W49	2	W49#2	kept	True	the exact line + 2 / len - 2 arm
W49	3	W49#3	kept	True	the handler's presence
W49	4	W49#4	kept	True	the exact guarded arm
W49	5	W49#5	re-anchored (all-or-nothing)	False	ONLY the in-dispatch() clause; one arm remains in the file
W49	6	W49#6	kept	True	the guarded arm
W50	1	W50#1	unchanged	True	(its own check, unchanged)
W50	2	W50#2	unchanged	True	(its own check, unchanged)
W50	3	W50#3	unchanged	True	(its own check, unchanged)
W51	1	W51#1	re-anchored	False	the three-token ban
W51	2	W51#2	re-anchored	False	the three-token ban
W51	3	W51#3	replaced	False	the seam-call clause
W51	4	-	new	False	the flush clause
W52	1	W52#1	unchanged	True	(its own check, unchanged)
W52	2	W52#2	unchanged	True	(its own check, unchanged)
W52	3	W52#3	unchanged	True	(its own check, unchanged)
W52	4	W52#4	unchanged	True	(its own check, unchanged)
W52	5	W52#5	unchanged	True	(its own check, unchanged)
W53	1	W53#1	unchanged	True	(its own check, unchanged)
W53	2	W53#2	unchanged	True	(its own check, unchanged)
W54	1	W54#1	kept	True	the include outside a region
W54	2	W54#2	kept	True	the binding's tokens outside a region
W54	3	W54#3	kept	True	the status token outside a region
W54	4	W54#5	kept	True	the instance's presence
W54-help	1	W54#4	re-anchored from W54	False	ONLY the region clause; the literal remains once
